https://www.britishveteranowned.co.uk/business-profile?recordId=recXK2VCfc2onv0JY,1.html
https://www.britishveteranowned.co.uk/business-profile?recordId=rece8eu8HL3JtT3cP,2.html
https://www.britishveteranowned.co.uk/business-profile?recordId=rec6lgO5cFxB4KNpN,3.html
https://www.britishveteranowned.co.uk/business-profile?recordId=recjGD3EdUQQVoWHH,4.html
https://www.britishveteranowned.co.uk/business-profile?recordId=recxhie2TBXpFtOry,5.html
https://www.britishveteranowned.co.uk/business-profile?recordId=recHx4p77cPUX8eXo,6.html
https://www.britishveteranowned.co.uk/business-profile?recordId=recehBfXXq7i3bcwj,7.html
https://www.britishveteranowned.co.uk/business-profile?recordId=recnu9kWSIO8mjVCe,8.html
https://www.britishveteranowned.co.uk/business-profile?recordId=recNxYjFPjXVH8eU7,9.html
https://www.britishveteranowned.co.uk/business-profile?recordId=recokgsWL1cc7P2iW,10.html
https://www.britishveteranowned.co.uk/business-profile?recordId=recgHFiMvoNiX87fX,11.html
https://www.britishveteranowned.co.uk/business-profile?recordId=recvPOrotx31tEv2N,12.html
https://www.britishveteranowned.co.uk/business-profile?recordId=recWJKSXMyacZFxRc,13.html
https://www.britishveteranowned.co.uk/business-profile?recordId=recQFhyqiqSmD722P,14.html
https://www.britishveteranowned.co.uk/business-profile?recordId=recaRhFWwPOnUJhuO,15.html
https://www.britishveteranowned.co.uk/business-profile?recordId=recfFSsqA4zJkD7wa,16.html
https://www.britishveteranowned.co.uk/business-profile?recordId=recBNfZCXTgtZ6qk2,17.html
https://www.britishveteranowned.co.uk/business-profile?recordId=recgvF05tZ52FwDpr,18.html
https://www.britishveteranowned.co.uk/business-profile?recordId=recC9Jfa98DuFTHOF,19.html
https://www.britishveteranowned.co.uk/business-profile?recordId=recx9pl55k1SiQnnH,20.html
https://www.britishveteranowned.co.uk/business-profile?recordId=recDAnq9eiEmQE4Vx,21.html
https://www.britishveteranowned.co.uk/business-profile?recordId=recWzsoBxTPRjCnbu,22.html
https://www.britishveteranowned.co.uk/business-profile?recordId=reclQsTBmX7Fzrj5y,23.html
https://www.britishveteranowned.co.uk/business-profile?recordId=recFfFwvK7DfkYw8z,24.html
https://www.britishveteranowned.co.uk/business-profile?recordId=recQYuIVZf7syrUsH,25.html
https://www.britishveteranowned.co.uk/business-profile?recordId=recba9dDPxI323gbi,26.html
https://www.britishveteranowned.co.uk/business-profile?recordId=reclDU3RVmscRFt6T,27.html
https://www.britishveteranowned.co.uk/business-profile?recordId=recrW5MOJZFw5YKUs,28.html
https://www.britishveteranowned.co.uk/business-profile?recordId=recvamI8maoiz2vIJ,29.html
https://www.britishveteranowned.co.uk/business-profile?recordId=rec5BJaUYYq30gL0I,30.html
https://www.britishveteranowned.co.uk/business-profile?recordId=recM3jzdp1lIwrh1P,31.html
https://www.britishveteranowned.co.uk/business-profile?recordId=rectWQyF8FTAGxFnM,32.html
https://www.britishveteranowned.co.uk/business-profile?recordId=recqZlczAPSi8hN0V,33.html
https://www.britishveteranowned.co.uk/business-profile?recordId=recyMorvm6w6BECLE,34.html
https://www.britishveteranowned.co.uk/business-profile?recordId=rec2bpiGF3NSKqow4,35.html
https://www.britishveteranowned.co.uk/business-profile?recordId=reczUBKClHv8UcmZb,36.html
https://www.britishveteranowned.co.uk/business-profile?recordId=rectob5B8UQ79JFDC,37.html
https://www.britishveteranowned.co.uk/business-profile?recordId=rec1QePomYoTMsaC4,38.html
https://www.britishveteranowned.co.uk/business-profile?recordId=recgl9FKSRYeWdRAc,39.html
https://www.britishveteranowned.co.uk/business-profile?recordId=recpPmuLwNgI1oaIa,40.html
https://www.britishveteranowned.co.uk/business-profile?recordId=recJDKKZpjKSm4M8Z,41.html
https://www.britishveteranowned.co.uk/business-profile?recordId=recXdWKMtKKjmGsLM,42.html
https://www.britishveteranowned.co.uk/business-profile?recordId=recVrsLzYmHm6oxyk,43.html
https://www.britishveteranowned.co.uk/business-profile?recordId=recMHtAJrvh16Crzm,44.html
https://www.britishveteranowned.co.uk/business-profile?recordId=recK2dRaRLARK8T2R,45.html
https://www.britishveteranowned.co.uk/business-profile?recordId=recyMbiJY9hABLNUb,46.html
https://www.britishveteranowned.co.uk/business-profile?recordId=recUc9gxTk3NVNQUZ,47.html
https://www.britishveteranowned.co.uk/business-profile?recordId=recDSTD8iTleQF0iK,48.html
https://www.britishveteranowned.co.uk/business-profile?recordId=recACgWIYNH5RRPpv,49.html
https://www.britishveteranowned.co.uk/business-profile?recordId=recWAvJMHxsmdwYCt,50.html
https://www.britishveteranowned.co.uk/business-profile?recordId=rectZGJi1zKscIBod,51.html
https://www.britishveteranowned.co.uk/business-profile?recordId=recVOsZavmuTPVXe5,52.html
https://www.britishveteranowned.co.uk/business-profile?recordId=recuVg37mi9PIGpEF,53.html
https://www.britishveteranowned.co.uk/business-profile?recordId=recN79zjepl5t0f6N,54.html
https://www.britishveteranowned.co.uk/business-profile?recordId=recvPwyhJogw6EccQ,55.html
https://www.britishveteranowned.co.uk/business-profile?recordId=rec4yzcH7yQreNZtm,56.html
https://www.britishveteranowned.co.uk/business-profile?recordId=rec8SU404VBqpZPKY,57.html
https://www.britishveteranowned.co.uk/business-profile?recordId=rec7b6U7PEGsqp4Ip,58.html
https://www.britishveteranowned.co.uk/business-profile?recordId=recTPiBEkKohq7beK,59.html
https://www.britishveteranowned.co.uk/business-profile?recordId=recFjTkJy0J8wNWUo,60.html
https://www.britishveteranowned.co.uk/business-profile?recordId=rec91ICHNPATNEZTa,61.html
https://www.britishveteranowned.co.uk/business-profile?recordId=recIThWEGLn9TB60Y,62.html
https://www.britishveteranowned.co.uk/business-profile?recordId=recpyfKnfslA1S36H,63.html
https://www.britishveteranowned.co.uk/business-profile?recordId=recCevBhtDIl6BfN9,64.html
https://www.britishveteranowned.co.uk/business-profile?recordId=recensreAy8hpXcMt,65.html
https://www.britishveteranowned.co.uk/business-profile?recordId=recA60vjoBmVGn3kL,66.html
https://www.britishveteranowned.co.uk/business-profile?recordId=recIEKFDoTRSjAE17,67.html
https://www.britishveteranowned.co.uk/business-profile?recordId=recInpU4VjdVsUKuE,68.html
https://www.britishveteranowned.co.uk/business-profile?recordId=recwW8Mi9vAWCvcXm,69.html
https://www.britishveteranowned.co.uk/business-profile?recordId=rech1ttszlmGsyCor,70.html
https://www.britishveteranowned.co.uk/business-profile?recordId=recnKIkJdgGHuuhQ8,71.html
https://www.britishveteranowned.co.uk/business-profile?recordId=recQLzEphrbHVVsJj,72.html
https://www.britishveteranowned.co.uk/business-profile?recordId=recKWJRTrssluMt9r,73.html
https://www.britishveteranowned.co.uk/business-profile?recordId=reckU95Ii1HB4J5v0,74.html
https://www.britishveteranowned.co.uk/business-profile?recordId=recJZTmrcJdhwU5Dj,75.html
https://www.britishveteranowned.co.uk/business-profile?recordId=recUOZblZ7xIYnSdf,76.html
https://www.britishveteranowned.co.uk/business-profile?recordId=rec0bQ3KGEpOptaYa,77.html
https://www.britishveteranowned.co.uk/business-profile?recordId=recwIbKYrcJYCkwOU,78.html
https://www.britishveteranowned.co.uk/business-profile?recordId=recXHmjTBLapZJ0so,79.html
https://www.britishveteranowned.co.uk/business-profile?recordId=rec7BUnZrHXHSCyR7,80.html
https://www.britishveteranowned.co.uk/business-profile?recordId=recpjxCLU2mpMHbd1,81.html
https://www.britishveteranowned.co.uk/business-profile?recordId=recqEwMHpukXU1q4u,82.html
https://www.britishveteranowned.co.uk/business-profile?recordId=recetPBf766AidD6R,83.html
https://www.britishveteranowned.co.uk/business-profile?recordId=reci2fmfEL8bf8u3q,84.html
https://www.britishveteranowned.co.uk/business-profile?recordId=rec5a4msO5FNiQ9oo,85.html
https://www.britishveteranowned.co.uk/business-profile?recordId=recMGIqQUTAF93iNB,86.html
https://www.britishveteranowned.co.uk/business-profile?recordId=recqVWtZtQr96fan8,87.html
https://www.britishveteranowned.co.uk/business-profile?recordId=recBqEy0xmlwnXeAP,88.html
https://www.britishveteranowned.co.uk/business-profile?recordId=recMWa0LpBCx3C3qf,89.html
https://www.britishveteranowned.co.uk/business-profile?recordId=recifCQrXyEqRBctC,90.html
https://www.britishveteranowned.co.uk/business-profile?recordId=recxGCqmWsnduvJ8p,91.html
https://www.britishveteranowned.co.uk/business-profile?recordId=recURSXQr2Dk2nsF9,92.html
https://www.britishveteranowned.co.uk/business-profile?recordId=reczI5072kbr0iCY0,93.html
https://www.britishveteranowned.co.uk/business-profile?recordId=recyc3zaXVxsLLeH6,94.html
https://www.britishveteranowned.co.uk/business-profile?recordId=recYqiKwz3HwwVA4a,95.html
https://www.britishveteranowned.co.uk/business-profile?recordId=recb1n6nd6dUwcbw1,96.html
https://www.britishveteranowned.co.uk/business-profile?recordId=rec0ESGta24e7MuNa,97.html
https://www.britishveteranowned.co.uk/business-profile?recordId=rec7dNn9r9UKDdu5R,98.html
https://www.britishveteranowned.co.uk/business-profile?recordId=receVFftmyiOmXz4G,99.html
https://www.britishveteranowned.co.uk/business-profile?recordId=recppm2Wq2yOMp3r3,100.html
https://www.britishveteranowned.co.uk/business-profile?recordId=rec5fBhHfOdVgOYbi,101.html
https://www.britishveteranowned.co.uk/business-profile?recordId=recY36k9AfM6bPFap,102.html
https://www.britishveteranowned.co.uk/business-profile?recordId=recdKKaaWp4h97hgb,103.html
https://www.britishveteranowned.co.uk/business-profile?recordId=recpdbLIkBxpTJOcM,104.html
https://www.britishveteranowned.co.uk/business-profile?recordId=recnYtKcq9uApYy5d,105.html
https://www.britishveteranowned.co.uk/business-profile?recordId=reclTxAKW9vSRUoFi,106.html
https://www.britishveteranowned.co.uk/business-profile?recordId=recpjbQ7eyf5DFr0S,107.html
https://www.britishveteranowned.co.uk/business-profile?recordId=recuJxSg4FCUz70w8,108.html
https://www.britishveteranowned.co.uk/business-profile?recordId=recs6ZlSLFFisiMwm,109.html
https://www.britishveteranowned.co.uk/business-profile?recordId=recoYLSmz9r0GQbqc,110.html
https://www.britishveteranowned.co.uk/business-profile?recordId=recQBxVqXANjeweOU,111.html
https://www.britishveteranowned.co.uk/business-profile?recordId=recYUYApzqcqei5ey,112.html
https://www.britishveteranowned.co.uk/business-profile?recordId=recxMXbrRAVsqjDZj,113.html
https://www.britishveteranowned.co.uk/business-profile?recordId=recNGWqndDp88rRG2,114.html
https://www.britishveteranowned.co.uk/business-profile?recordId=recGsjvABifAqlNDV,115.html
https://www.britishveteranowned.co.uk/business-profile?recordId=recoAwbDdQ8wFmBoT,116.html
https://www.britishveteranowned.co.uk/business-profile?recordId=recx66ktMsMIO8x5s,117.html
https://www.britishveteranowned.co.uk/business-profile?recordId=recfzqsNlvaKFNb1J,118.html
https://www.britishveteranowned.co.uk/business-profile?recordId=recPZ9YEGE2vS6tWt,119.html
