https://branches.britishlegion.org.uk/branches/abbots-langley/,Abbots Langley
http://branches.britishlegion.org.uk/branches/aberaeron,Aberaeron RBL
http://branches.britishlegion.org.uk/branches/aberdare,Aberdare RBL
http://branches.britishlegion.org.uk/branches/aberystwyth,Aberystwyth RBL
http://branches.britishlegion.org.uk/branches/Ackworth,Ackworth-Pontefract RBL
http://branches.britishlegion.org.uk/branches/albrighton,Albrighton RBL
http://branches.britishlegion.org.uk/branches/aldershot,Aldershot RBL
http://branches.britishlegion.org.uk/branches/alphington,Alphington RBL
http://branches.britishlegion.org.uk/branches/Abbots-Langley,Abbots Langley RBL
http://branches.britishlegion.org.uk/branches/Abercarn,Abercarn RBL
http://branches.britishlegion.org.uk/branches/aberdulais,Aberdulais RBL
https://branches.britishlegion.org.uk/branches/accrington/,Accrington RBL
http://branches.britishlegion.org.uk/branches/Acle-and-district,Acle & District
http://branches.britishlegion.org.uk/branches/aldbury,Aldbury RBL
http://branches.britishlegion.org.uk/branches/aldridge,Aldridge RBL
http://branches.britishlegion.org.uk/branches/alrewas,Alrewas RBL
http://branches.britishlegion.org.uk/branches/alsager,Alsager RBL
http://branches.britishlegion.org.uk/branches/amesbury,Amesbury RBL
http://branches.britishlegion.org.uk/branches/andover,Andover RBL
http://branches.britishlegion.org.uk/branches/arnold,Arnold RBL
http://branches.britishlegion.org.uk/branches/ashburton,Ashburton RBL
http://branches.britishlegion.org.uk/branches/ashton-under-lyne,Ashton Under Lyne RBL
http://branches.britishlegion.org.uk/branches/atherton,Atherton RBL Branch
http://branches.britishlegion.org.uk/branches/austin,Austin RBL
https://branches.britishlegion.org.uk/branches/alton/,Alton
http://branches.britishlegion.org.uk/branches/ammanford,Ammanford
http://branches.britishlegion.org.uk/branches/arley,Arley RBL
https://branches.britishlegion.org.uk/branches/arundel-and-district/,Arundel & District RBL
http://branches.britishlegion.org.uk/branches/ashby-de-la-zouch,Ashby De La Zouch RBL
http://branches.britishlegion.org.uk/branches/ashwell,Ashwell & District RBL
http://branches.britishlegion.org.uk/branches/attleborough,Attleborough RBL
https://branches.britishlegion.org.uk/branches/axminster/,Axminster RBL
http://branches.britishlegion.org.uk/branches/aylesbury,Aylesbury RBL
http://branches.britishlegion.org.uk/branches/ballymoney,Ballymoney
http://branches.britishlegion.org.uk/branches/banbury,Banbury RBL
http://branches.britishlegion.org.uk/branches/banstead,Banstead & District RBL
http://branches.britishlegion.org.uk/branches/barking,Barking RBL
https://branches.britishlegion.org.uk/branches/barley-barkway/,Barley Barkway
http://branches.britishlegion.org.uk/branches/barnstaple,Barnstaple RBL
http://branches.britishlegion.org.uk/branches/bartestree,Bartestree Sub Branch RBL
http://branches.britishlegion.org.uk/branches/ballymena,Ballymena RBL
http://branches.britishlegion.org.uk/branches/bampton,Bampton RBL
http://branches.britishlegion.org.uk/branches/bangor,Bangor RBL
http://branches.britishlegion.org.uk/branches/banwell,Banwell
http://branches.britishlegion.org.uk/branches/barkingside,Barkingside RBL
http://branches.britishlegion.org.uk/branches/barnoldswick,Barnoldswick & District RBL
https://branches.britishlegion.org.uk/branches/barry/,Barry RBL Branch
https://branches.britishlegion.org.uk/branches/barton-under-needwood,Barton under Needwood RBL
http://branches.britishlegion.org.uk/branches/baschurch,Baschurch RBL
http://branches.britishlegion.org.uk/branches/beaconsfield,Beaconsfield RBL
https://branches.britishlegion.org.uk/branches/becontree-and-chadwell-heath-district/,Becontree and Chadwell Heath District
http://branches.britishlegion.org.uk/branches/beer,Beer
http://branches.britishlegion.org.uk/branches/benson-ewelme,Benson & Ewelme RBL
https://branches.britishlegion.org.uk/branches/bere-alston/,Bere Alston RBL
http://www.bexleyheathandwellingrbl.co.uk,Bexleyheath and Welling RBL
http://branches.britishlegion.org.uk/branches/billericay,Billericay RBL
http://branches.britishlegion.org.uk/branches/basingstoke-overton,Basingstoke, Overton & Dist RBL
http://branches.britishlegion.org.uk/branches/beccles,Beccles RBL
http://branches.britishlegion.org.uk/branches/bedfont,Bedfont RBL
http://branches.britishlegion.org.uk/branches/bedford,Bedford & District RBL
http://branches.britishlegion.org.uk/branches/belle-vue,Belle Vue RBL
http://branches.britishlegion.org.uk/branches/bentley,Bentley With Arksey RBL
http://branches.britishlegion.org.uk/branches/berkhamsted,Berkhamsted RBL
http://branches.britishlegion.org.uk/branches/bicester,Bicester
http://branches.britishlegion.org.uk/branches/billingham,Billingham RBL Branch
http://branches.britishlegion.org.uk/branches/bilston,Bilston
http://branches.britishlegion.org.uk/branches/bishops-stortford,Bishops Stortford RBL
http://branches.britishlegion.org.uk/branches/blackheath,Blackheath RBL
http://branches.britishlegion.org.uk/branches/blaina,Blaina RBL
http://branches.britishlegion.org.uk/branches/bloxham-and-district-branch,Bloxham and District
http://branches.britishlegion.org.uk/branches/bodicote,Bodicote RBL
http://branches.britishlegion.org.uk/branches/bordon,Bordon RBL
http://branches.britishlegion.org.uk/branches/billingshurst,Billingshurst RBL
http://branches.britishlegion.org.uk/branches/bishop-auckland,Bishop Auckland RBL
http://counties.britishlegion.org.uk/branches/bisley-knaphill-west-end,Bisley, Knaphill & West End
http://branches.britishlegion.org.uk/branches/blackwood,Blackwood and District RBL
http://branches.britishlegion.org.uk/branches/blandford,Blandford RBL
http://branches.britishlegion.org.uk/branches/blyth,Blyth
http://branches.britishlegion.org.uk/branches/bodmin,Bodmin RBL
http://www.borthcommunity.info/index.php?option=com_content&view=article&id=28%3Athe-royal-british-legion&Itemid=26&lang=en,Borth RBL Branch
http://branches.britishlegion.org.uk/branches/boston,Boston & District RBL
http://branches.britishlegion.org.uk/branches/boxted,Boxted RBL
http://branches.britishlegion.org.uk/branches/bracknell,Bracknell RBL
http://branches.britishlegion.org.uk/branches/brampton-district,Brampton RBL
http://branches.britishlegion.org.uk/branches/bransty,Bransty
http://branches.britishlegion.org.uk/branches/bredon,Bredon RBL
http://branches.britishlegion.org.uk/branches/bridgend,Bridgend RBL
http://branches.britishlegion.org.uk/branches/brighstone,Brighstone and District RBL
http://branches.britishlegion.org.uk/branches/bourton,Bourton on the Water RBL
http://branches.britishlegion.org.uk/branches/brackley,Brackley RBL
http://branches.britishlegion.org.uk/branches/bramley-district,Bramley & District
http://branches.britishlegion.org.uk/branches/brandon,Brandon RBL
http://branches.britishlegion.org.uk/branches/bratton,Bratton RBL
http://branches.britishlegion.org.uk/branches/bride-valley,Bride Valley RBL
http://branches.britishlegion.org.uk/branches/bridgnorth,Bridgnorth RBL
https://www.britishlegion.org.uk/branches/brixham,Brixham
http://branches.britishlegion.org.uk/branches/broadstone,Broadstone RBL
http://branches.britishlegion.org.uk/branches/bromley,Bromley RBL
https://branches.britishlegion.org.uk/branches/buckhurst-hill/?seg=ZDAIGLXXX,Buckhurst Hill RBL
http://branches.britishlegion.org.uk/branches/bulwell,Bulwell Branch
http://branches.britishlegion.org.uk/branches/buntingford,Buntingford RBL
https://branches.britishlegion.org.uk/branches/burbage-and-easton-royal/,Burbage and Easton Royal
http://branches.britishlegion.org.uk/branches/burnham-on-sea,Burnham on Sea RBL
http://branches.britishlegion.org.uk/branches/burryport-pembrey,Burry Port & Pembrey RBL Brnch
https://branches.britishlegion.org.uk/branches/brockenhurst/,Brockenhurst
http://branches.britishlegion.org.uk/branches/bromyard,Bromyard RBL
http://branches.britishlegion.org.uk/branches/buckley,Buckley RBL
http://branches.britishlegion.org.uk/branches/bungay,Bungay RBL
http://branches.britishlegion.org.uk/branches/burbage,Burbage
http://branches.britishlegion.org.uk/branches/burghwallis,Burghwallis RBL
http://branches.britishlegion.org.uk/branches/burnley,Burnley and Padiham RBL Branch
http://branches.britishlegion.org.uk/branches/bury-st-edmunds,Bury St Edmunds RBL
http://counties.britishlegion.org.uk/branches/byfield-district-branch-in-rural-sw-northants-uk,Byfield and District
http://branches.britishlegion.org.uk/branches/callington,Callington and District
http://branches.britishlegion.org.uk/branches/camberley,Camberley RBL
http://branches.britishlegion.org.uk/branches/carlisle,Carlisle & Stanwix RBL
http://branches.britishlegion.org.uk/branches/castle-donington,Castle Donington & District RBL Branch
http://branches.britishlegion.org.uk/branches/chaddesden,Chaddesden RBL
http://branches.britishlegion.org.uk/branches/chard,Chard RBL
http://branches.britishlegion.org.uk/branches/chatteris,Chatteris RBL
http://branches.britishlegion.org.uk/branches/caldicot-district,Caldicot RBL
http://branches.britishlegion.org.uk/branches/calverton,Calverton RBL
http://branches.britishlegion.org.uk/branches/camborne,Camborne RBL
http://branches.britishlegion.org.uk/branches/carnmoney,Carnmoney & Glengormley RBL Branch
http://branches.britishlegion.org.uk/branches/castledawson,Castledawson RBL
http://branches.britishlegion.org.uk/branches/chadwell-st-mary,Chadwell St Mary
http://branches.britishlegion.org.uk/branches/chatburn,Chatburn RBL
http://branches.britishlegion.org.uk/branches/cheam,Cheam & Sutton RBL
http://branches.britishlegion.org.uk/branches/chelsea,Chelsea & Kensington RBL
http://branches.britishlegion.org.uk/branches/cheriton,Cheriton & Morehall RBL
http://branches.britishlegion.org.uk/branches/chippenham,Chippenham RBL
http://branches.britishlegion.org.uk/branches/chorley,Chorley RBL
https://branches.britishlegion.org.uk/branches/church-and-oswaldtwistle/,Church and Oswaldtwistle
http://branches.britishlegion.org.uk/branches/cinderford,Cinderford RBL
http://branches.britishlegion.org.uk/branches/ely,City of Ely RBL
http://branches.britishlegion.org.uk/branches/clacton,Clacton on Sea RBL
http://counties.britishlegion.org.uk/branches/cheltenham,Cheltenham
http://branches.britishlegion.org.uk/branches/chinnor,Chinnor & Dist RBL
http://branches.britishlegion.org.uk/branches/chipping-campden,Chipping Campden RBL
http://branches.britishlegion.org.uk/branches/christchurch,Christchurch RBL
http://branches.britishlegion.org.uk/branches/churchfield,Churchfield
http://branches.britishlegion.org.uk/branches/armagh-royal-british-legion-information-and-latest-news,City of Armagh Branch
http://branches.britishlegion.org.uk/branches/lincoln,City of Lincoln RBL
http://branches.britishlegion.org.uk/branches/claines,Claines RBL
http://branches.britishlegion.org.uk/branches/clapham,Clapham Beds RBL
http://branches.britishlegion.org.uk/branches/clavering,Clavering, Newport & Dist RBL
http://branches.britishlegion.org.uk/branches/clevedon,Clevedon RBL
http://branches.britishlegion.org.uk/156161,Clipstone & Forest Town RBL Branch
http://branches.britishlegion.org.uk/branches/collingham,Collingham & Dist RBL
http://branches.britishlegion.org.uk/branches/congleton,Congleton
http://branches.britishlegion.org.uk/branches/copythorne,Copythorne & District RBL
http://branches.britishlegion.org.uk/branches/corsham,Corsham RBL
http://branches.britishlegion.org.uk/branches/clapham-london,Clapham RBL
http://branches.britishlegion.org.uk/branches/clee-hill,Clee Hill RBL
http://branches.britishlegion.org.uk/branches/clifton,Clifton RBL
http://branches.britishlegion.org.uk/branches/coggeshall,Coggeshall RBL
http://branches.britishlegion.org.uk/branches/colchester,Colchester RBL
http://branches.britishlegion.org.uk/branches/colston-bassett,Colston Bassett RBL
http://branches.britishlegion.org.uk/branches/conisbrough,Conisbrough RBL
http://branches.britishlegion.org.uk/branches/corby,Corby RBL
http://branches.britishlegion.org.uk/branches/cramlington,Cramlington RBL
http://branches.britishlegion.org.uk/branches/crawley-and-district-branch,Crawley, Worth & District
http://branches.britishlegion.org.uk/branches/crewe,Crewe RBL
http://branches.britishlegion.org.uk/branches/cricklade,Cricklade RBL
http://branches.britishlegion.org.uk/branches/culcheth,Culcheth & Dist RBL
http://branches.britishlegion.org.uk/branches/cumnor,Cumnor RBL
http://branches.britishlegion.org.uk/branches/darlington,Darlington RBL
http://branches.britishlegion.org.uk/branches/darwen,Darwen RBL
http://branches.britishlegion.org.uk/branches/cranfield,Cranfield RBL
http://www.britishlegion.org.uk/branches/Crediton,Crediton
http://branches.britishlegion.org.uk/branches/crewkerne,Crewkerne RBL
http://branches.britishlegion.org.uk/branches/crowborough,Crowborough RBL
http://branches.britishlegion.org.uk/branches/cullybackey,Cullybackey RBL
http://branches.britishlegion.org.uk/branches/damerham-western-downland,Damerham & Western Downland RBL Branch
http://branches.britishlegion.org.uk/branches/dartmoor,Dartmoor
http://branches.britishlegion.org.uk/branches/datchet,Datchet RBL
http://branches.britishlegion.org.uk/branches/daventry,Daventry RBL
http://www.britishlegion.org.uk/branches/Dawlish,Dawlish
http://branches.britishlegion.org.uk/branches/debenham,Debenham RBL
http://branches.britishlegion.org.uk/branches/devizes,Devizes RBL
http://branches.britishlegion.org.uk/branches/diss,Diss & District RBL
http://branches.britishlegion.org.uk/branches/dover-white-cliffs,Dover White Cliffs
http://www.downham-rbl.org.uk/,Downham & District RBL
http://branches.britishlegion.org.uk/branches/droitwich-branch,Droitwich RBL
http://branches.britishlegion.org.uk/branches/dawley,Dawley RBL
http://branches.britishlegion.org.uk/branches/deanshanger,Deanshanger & Wicken RBL
http://counties.britishlegion.org.uk/branches/dereham-and-district,Dereham & District
http://branches.britishlegion.org.uk/branches/dinnington,Dinnington & District RBL
http://branches.britishlegion.org.uk/branches/dorchester,Dorchester
http://branches.britishlegion.org.uk/branches/dowlais,Dowlais RBL
http://branches.britishlegion.org.uk/branches/driffield,Driffield & Dist RBL
https://branches.britishlegion.org.uk/branches/dromore,Dromore Branch
http://branches.britishlegion.org.uk/branches/droxford-district,Droxford RBL
http://branches.britishlegion.org.uk/branches/dulverton-and-district,Dulverton and District
http://branches.britishlegion.org.uk/branches/dunmow,Dunmow & District RBL
http://branches.britishlegion.org.uk/branches/duston,Duston RBL
http://branches.britishlegion.org.uk/branches/east-barnet,East Barnet RBL
http://branches.britishlegion.org.uk/branches/east-grinstead,East Grinstead RBL
http://branches.britishlegion.org.uk/branches/east-liverpool,East Liverpool RBL
http://branches.britishlegion.org.uk/branches/eastbourne,Eastbourne RBL
https://branches.britishlegion.org.uk/branches/dublin-central/,Dublin Central Branch
http://branches.britishlegion.org.uk/branches/dulwich,Dulwich RBL
http://branches.britishlegion.org.uk/branches/dursley-cam,Dursley & Cam RBL Branch
http://branches.britishlegion.org.uk/branches/earl-mountbatten-memorial-branch-hampshire,Earl Mountbatten RBL
http://branches.britishlegion.org.uk/branches/east-cowes,East Cowes RBL
http://branches.britishlegion.org.uk/branches/east-harling-and-district,East Harling RBL
http://branches.britishlegion.org.uk/branches/east-pennard,East Pennard & Dist RBL
http://branches.britishlegion.org.uk/branches/eastcote,Eastcote
https://branches.britishlegion.org.uk/branches/eastleigh/,Eastleigh & Chandlers Ford
http://branches.britishlegion.org.uk/branches/eastwood-and-district,Eastwood & District RBL
http://branches.britishlegion.org.uk/branches/elham-valley,Elham Valley RBL
http://branches.britishlegion.org.uk/branches/faringdon,Faringdon & District
http://branches.britishlegion.org.uk/branches/farnsfield,Farnsfield RBL
http://branches.britishlegion.org.uk/branches/felsted,Felsted RBL
http://branches.britishlegion.org.uk/branches/finedon-irthlingborough-and-district/,Finedon, Irthlingborough & District
http://branches.britishlegion.org.uk/branches/fleet-crookham-and-district,Fleet, Crookham & District
http://branches.britishlegion.org.uk/branches/eastry,Eastry RBL
http://branches.britishlegion.org.uk/branches/edington,Edington RBL
http://branches.britishlegion.org.uk/branches/exmouth,Exmouth
http://branches.britishlegion.org.uk/branches/farnborough,Farnborough Hants RBL
http://branches.britishlegion.org.uk/branches/fawley,Fawley
http://branches.britishlegion.org.uk/branches/ferndown,Ferndown RBL
http://branches.britishlegion.org.uk/branches/flackwell-heath,Flackwell Heath & District Branch
http://branches.britishlegion.org.uk/branches/ford-district-branch,Ford & District
https://branches.britishlegion.org.uk/branches/fordingbridge/,Fordingbridge
http://branches.britishlegion.org.uk/branches/formby,Formby RBL
http://branches.britishlegion.org.uk/branches/frecheville,Frecheville RBL
http://branches.britishlegion.org.uk/branches/galanos,Galanos RBL Branch
http://branches.britishlegion.org.uk/branches/gloucester-city-rbl,Gloucester City
http://branches.britishlegion.org.uk/branches/goole,Goole & Howden RBL
http://branches.britishlegion.org.uk/branches/gravesham,Gravesham & Ebbsfleet RBL
http://branches.britishlegion.org.uk/branches/great-harwood,Great Harwood RBL
http://branches.britishlegion.org.uk/branches/forest-green-nailsworth,Forest Green & Nailsworth RBL
http://branches.britishlegion.org.uk/branches/frampton-cotterell,Frampton Cotterell RBL
http://branches.britishlegion.org.uk/branches/frome,Frome RBL
http://branches.britishlegion.org.uk/branches/gillingham,Gillingham RBL
http://branches.britishlegion.org.uk/branches/gnosall,Gnosall RBL
http://branches.britishlegion.org.uk/branches/gosport-and-alverstoke,Gosport & Alverstoke RBL
http://branches.britishlegion.org.uk/branches/graysthurrock,Grays RBL
http://branches.britishlegion.org.uk/branches/great-torrington,Great Torrington RBL
http://branches.britishlegion.org.uk/branches/greenford,Greenford RBL
http://branches.britishlegion.org.uk/branches/gresford,Gresford RBL
http://branches.britishlegion.org.uk/branches/hadleigh,Hadleigh Suffolk RBL
http://branches.britishlegion.org.uk/branches/hale,Hale RBL
http://branches.britishlegion.org.uk/branches/halifax-central,Halifax RBL
http://branches.britishlegion.org.uk/branches/halstead,Halstead
http://branches.britishlegion.org.uk/branches/hamstreet,Hamstreet
http://branches.britishlegion.org.uk/branches/harlow-town,Harlow Town RBL
http://branches.britishlegion.org.uk/branches/greens-norton,Greens Norton RBL
http://www.wakeringrblc.co.uk/,Gt Wakering & Dist RBL
http://branches.britishlegion.org.uk/branches/hailsham,Hailsham & District RBL
http://branches.britishlegion.org.uk/branches/halesowen,Halesowen RBL
http://branches.britishlegion.org.uk/branches/hallamshire,Hallamshire RBL
https://www.haltonrbl.co.uk/,Halton RBL
http://branches.britishlegion.org.uk/branches/hardwicke,Hardwicke RBL
http://branches.britishlegion.org.uk/branches/harpenden,Harpenden RBL
http://branches.britishlegion.org.uk/branches/hartland,Hartland RBL
http://branches.britishlegion.org.uk/branches/hartley-wintney,Hartley Wintney RBL
http://branches.britishlegion.org.uk/branches/haughley,Haughley RBL Branch
http://branches.britishlegion.org.uk/branches/hawkhurst,Hawkhurst RBL
http://branches.britishlegion.org.uk/branches/hayle,Hayle RBL
https://branches.britishlegion.org.uk/branches/hazel-grove/,Hazel Grove
http://branches.britishlegion.org.uk/branches/headingley,Headingley
http://branches.britishlegion.org.uk/branches/heckmondwike,Heckmondwike RBL
https://branches.britishlegion.org.uk/branches/hartlepool,Hartlepool RBL
http://branches.britishlegion.org.uk/branches/hathersage,Hathersage RBL
http://branches.britishlegion.org.uk/branches/havant,Havant RBL
http://branches.britishlegion.org.uk/branches/hayes,Hayes (Kent) RBL
http://branches.britishlegion.org.uk/branches/hayling-island,Hayling Island RBL
http://branches.britishlegion.org.uk/branches/hazlemere,Hazlemere & District RBL
https://branches.britishlegion.org.uk/branches/headley-district/,Headley & District
https://branches.britishlegion.org.uk/branches/heddington-and-stockley/,Heddington and Stockley RBL
http://branches.britishlegion.org.uk/branches/hednesford,Hednesford
http://branches.britishlegion.org.uk/branches/helmshore,Helmshore RBL
http://branches.britishlegion.org.uk/branches/henley,Henley In Arden RBL
http://branches.britishlegion.org.uk/branches/hereford-city-north,Hereford City North RBL
http://branches.britishlegion.org.uk/branches/hessle-branch/,Hessle Branch
http://branches.britishlegion.org.uk/branches/high-wycombe,High Wycombe RBL
http://branches.britishlegion.org.uk/branches/hillingdon,Hillingdon & Dist RBL
http://branches.britishlegion.org.uk/branches/holmes-chapel,Holmes Chapel RBL
http://branches.britishlegion.org.uk/branches/hedon,Hedon & Dist RBL
http://branches.britishlegion.org.uk/branches/hemel-hempstead,Hemel Hempstead RBL
https://www.rbl-henley.org/,Henley on Thames RBL
http://branches.britishlegion.org.uk/branches/hertford,Hertford
http://branches.britishlegion.org.uk/branches/high-ercall,High Ercall RBL
http://branches.britishlegion.org.uk/branches/highworth,Highworth & Dist RBL
https://branches.britishlegion.org.uk/branches/histon-and-impington/,Histon RBL
http://branches.britishlegion.org.uk/branches/holsworthy,Holsworthy RBL
http://branches.britishlegion.org.uk/branches/holyhead,Holyhead RBL
http://www.britishlegion.org.uk/branches/Honiton,Honiton
http://branches.britishlegion.org.uk/branches/horley,Horley RBL
http://branches.britishlegion.org.uk/branches/horsforth,Horsforth
http://branches.britishlegion.org.uk/branches/hounslow,Hounslow RBL
http://branches.britishlegion.org.uk/branches/huddersfield,Huddersfield RBL
http://branches.britishlegion.org.uk/branches/hunstanton,Hunstanton RBL
https://branches.britishlegion.org.uk/branches/hurstbourne-tarrant/,Hurstbourne Tarrant
http://branches.britishlegion.org.uk/branches/holyport,Holyport & Dist RBL
http://branches.britishlegion.org.uk/branches/horbury-sitlington-ossett,Horbury, Sitlington & Ossett RBL
http://branches.britishlegion.org.uk/branches/horndon-on-the-hill,Horndon on the Hill RBL
https://branches.britishlegion.org.uk/branches/horsham-branch/,Horsham
http://branches.britishlegion.org.uk/branches/hoyland,Hoyland & Dist RBL
http://branches.britishlegion.org.uk/branches/hungerford,Hungerford
http://branches.britishlegion.org.uk/branches/huntingdon,Huntingdon
http://branches.britishlegion.org.uk/branches/hythe-saltwood,Hythe & Saltwood
http://branches.britishlegion.org.uk/branches/ilfracombe,Ilfracombe RBL
http://branches.britishlegion.org.uk/branches/Illogan,Illogan RBL
http://branches.britishlegion.org.uk/branches/isleworth,Isleworth RBL
http://branches.britishlegion.org.uk/branches/ixworth,Ixworth & Dist RBL
http://branches.britishlegion.org.uk/branches/kedington-district,Kedington & District
http://branches.britishlegion.org.uk/branches/kenilworth-rbl,Kenilworth RBL
http://branches.britishlegion.org.uk/branches/kimbolton,Kimbolton RBL
http://branches.britishlegion.org.uk/branches/kingsbridge,Kingsbridge RBL
http://branches.britishlegion.org.uk/branches/ilkeston,Ilkeston RBL
http://branches.britishlegion.org.uk/branches/ilminster,Ilminster RBL
http://branches.britishlegion.org.uk/branches/ivybridge,Ivybridge RBL
http://branches.britishlegion.org.uk/branches/jackfield,Jackfield RBL
http://branches.britishlegion.org.uk/branches/kelvedon,Kelvedon RBL
http://branches.britishlegion.org.uk/branches/kilkeel,Kilkeel RBL
http://branches.britishlegion.org.uk/branches/Kimpton,Kimpton RBL
http://branches.britishlegion.org.uk/branches/kingsclere,Kingsclere
http://branches.britishlegion.org.uk/branches/kingswood,Kingswood Hanham RBL
http://branches.britishlegion.org.uk/branches/lambley,Lambley RBL
http://branches.britishlegion.org.uk/branches/lancaster,Lancaster RBL
http://branches.britishlegion.org.uk/branches/langtoft-district,Langtoft, the Deepings & District RBL
http://branches.britishlegion.org.uk/branches/lees-district,Lees & District
http://branches.britishlegion.org.uk/branches/leigh-on-sea,Leigh on Sea
http://counties.britishlegion.org.uk/branches/leominster,Leominster
http://branches.britishlegion.org.uk/branches/leytonstone,Leytonstone RBL
http://branches.britishlegion.org.uk/branches/knutsford,Knutsford RBL
http://branches.britishlegion.org.uk/branches/lambourn,Lambourn RBL
http://branches.britishlegion.org.uk/branches/laneend,Lane End RBL
http://branches.britishlegion.org.uk/branches/launceston,Launceston RBL
http://branches.britishlegion.org.uk/branches/lee-on-the-solent,Lee on Solent RBL
http://counties.britishlegion.org.uk/branches/leighrbl,Leigh
https://branches.britishlegion.org.uk/branches/leighton-buzzard/,Leighton Buzzard RBL
http://branches.britishlegion.org.uk/branches/letchworth,Letchworth Gdn City RBL
http://branches.britishlegion.org.uk/branches/limavady,Limavady RBL
http://branches.britishlegion.org.uk/branches/lisburn,Lisburn RBL
https://branches.britishlegion.org.uk/branches/liss/,Liss
http://branches.britishlegion.org.uk/branches/little-gaddesden,Little Gaddesden RBL
http://branches.britishlegion.org.uk/branches/littleworth-district,Littleworth & District
https://branches.britishlegion.org.uk/branches/llandrinio,Llandrinio RBL
https://branches.britishlegion.org.uk/branches/Llantwit-Major,Llantwit Major RBL Branch
http://branches.britishlegion.org.uk/branches/long-eaton,Long Eaton RBL
http://branches.britishlegion.org.uk/branches/lindfield,Lindfield RBL
http://branches.britishlegion.org.uk/branches/liskeard,Liskeard RBL
http://branches.britishlegion.org.uk/branches/little-common,Little Common RBL
http://branches.britishlegion.org.uk/branches/littleport,Littleport RBL
http://branches.britishlegion.org.uk/branches/llandovery,Llandovery RBL
https://branches.britishlegion.org.uk/branches/llandudno,llandudno RBL
http://branches.britishlegion.org.uk/branches/londonderry,Londonderry RBL
http://branches.britishlegion.org.uk/branches/long-melford,Long Melford RBL
http://branches.britishlegion.org.uk/branches/looe,Looe RBL
http://branches.britishlegion.org.uk/branches/loughbrickland,Loughbrickland RBL
http://branches.britishlegion.org.uk/branches/lowestoft,Lowestoft & District RBL
http://branches.britishlegion.org.uk/branches/lyme-regis,Lyme Regis RBL
http://branches.britishlegion.org.uk/branches/lymm-district,Lymm and District
http://branches.britishlegion.org.uk/branches/lytchett,Lytchett United RBL
http://branches.britishlegion.org.uk/branches/mablethorpe,Mablethorpe RBL
https://branches.britishlegion.org.uk/branches/madeley/,Madeley RBL Branch
http://branches.britishlegion.org.uk/branches/lostock-hall,Lostock Hall RBL
http://branches.britishlegion.org.uk/branches/loughton-branch-2013,Loughton RBL
http://branches.britishlegion.org.uk/branches/lurgan,Lurgan & Brownlow RBL Branch
http://branches.britishlegion.org.uk/branches/lymington,Lymington RBL
http://branches.britishlegion.org.uk/branches/lyndhurst,Lyndhurst RBL
http://branches.britishlegion.org.uk/branches/lytham-ansdell,Lytham & Ansdell
http://branches.britishlegion.org.uk/branches/macclesfield,Macclesfield RBL
http://branches.britishlegion.org.uk/branches/magherafelt,Magherafelt RBL
http://branches.britishlegion.org.uk/branches/maldon-heybridge,Maldon & Heybridge
http://branches.britishlegion.org.uk/branches/manningtree,Manningtree & District RBL Branch
http://branches.britishlegion.org.uk/branches/mapperley,Mapperley, Porchester & District RBL
http://branches.britishlegion.org.uk/branches/market-harborough,Market Harborough RBL
http://branches.britishlegion.org.uk/branches/marston-moreteyne,Marston Moreteyne RBL
http://branches.britishlegion.org.uk/branches/mawdesley,Mawdesley RBL
http://branches.britishlegion.org.uk/branches/mearsashbysywell,Mears Ashby RBL
http://branches.britishlegion.org.uk/branches/merthyr-tydfil,Merthyr Tydfil RBL
http://branches.britishlegion.org.uk/branches/malmesbury,Malmesbury RBL
http://branches.britishlegion.org.uk/branches/mansfield-bellamy,Mansfield Bellamy RBL
http://branches.britishlegion.org.uk/branches/mansfield,Mansfield RBL
http://branches.britishlegion.org.uk/branches/margate,Margate RBL
http://branches.britishlegion.org.uk/branches/marlow,Marlow RBL
http://branches.britishlegion.org.uk/branches/martock,Martock RBL
http://branches.britishlegion.org.uk/branches/mayfield,Mayfield Hadlow Down RBL
http://branches.britishlegion.org.uk/branches/melbourne,Melbourne RBL
http://branches.britishlegion.org.uk/branches/mexborough,Mexborough, Swinton & Kilnhurst RBL
http://branches.britishlegion.org.uk/branches/midhurst-district,Midhurst & District
http://branches.britishlegion.org.uk/branches/midsomer-norton,Midsomer Norton & Radstock RBL
http://branches.britishlegion.org.uk/branches/milton-keynes,Milton Keynes & District Jubilee RBL Branch
http://branches.britishlegion.org.uk/branches/minehead,Minehead RBL
http://branches.britishlegion.org.uk/branches/morecambe,Morecambe RBL
http://branches.britishlegion.org.uk/branches/mossley-hill,Mossley Hill RBL
http://www.trblmousehole.co.uk/,Mousehole RBL
http://branches.britishlegion.org.uk/branches/mid-torridge,Mid Torridge RBL
http://branches.britishlegion.org.uk/branches/middleton,Middleton RBL
https://branches.britishlegion.org.uk/branches/midland-counties-and-kildare/,Midland Counties and Kildare
http://branches.britishlegion.org.uk/branches/milford-on-sea,Milford on Sea RBL
http://branches.britishlegion.org.uk/branches/minchinhampton,Minchinhampton RBL
http://branches.britishlegion.org.uk/branches/mitcham,Mitcham RBL
http://branches.britishlegion.org.uk/branches/morley,Morley RBL
http://branches.britishlegion.org.uk/branches/moulton,Moulton RBL
http://branches.britishlegion.org.uk/branches/nantwich,Nantwich RBL
http://branches.britishlegion.org.uk/branches/neston,Neston RBL
http://branches.britishlegion.org.uk/branches/new-romney,New Romney
http://branches.britishlegion.org.uk/branches/newent,Newent RBL
http://branches.britishlegion.org.uk/branches/newton-abbot,Newton Abbot RBL
http://branches.britishlegion.org.uk/branches/north-hykeham,North Hykeham RBL
http://branches.britishlegion.org.uk/branches/northampton,Northampton RBL
http://branches.britishlegion.org.uk/branches/nuneaton-stockingford,Nuneaton & Stockingford RBL
http://branches.britishlegion.org.uk/branches/needham-market,Needham Market RBL
http://branches.britishlegion.org.uk/branches/new-milton-district,New Milton RBL
http://branches.britishlegion.org.uk/branches/newbridge,Newbridge RBL
http://branches.britishlegion.org.uk/branches/newmarket,Newmarket RBL
http://branches.britishlegion.org.uk/branches/newtownards,Newtownards RBL
http://branches.britishlegion.org.uk/branches/north-weald,North Weald RBL
http://branches.britishlegion.org.uk/branches/ni-motorcycle,Northern Ireland Motor Cycle Branch
http://branches.britishlegion.org.uk/branches/oakengates-and-district,Oakengates & Dist RBL
http://branches.britishlegion.org.uk/branches/oakwood,Oakwood RBL
http://branches.britishlegion.org.uk/branches/Old-basing,Old Basing RBL
http://branches.britishlegion.org.uk/branches/oldbury,Oldbury RBL
http://branches.britishlegion.org.uk/branches/orrell,Orrell
http://branches.britishlegion.org.uk/branches/oundle,Oundle RBL
https://branches.britishlegion.org.uk/branches/oxted-and-district/,Oxted and District
http://branches.britishlegion.org.uk/branches/papplewick,Papplewick & Linby RBL
http://branches.britishlegion.org.uk/branches/pawlett,Pawlett RBL
http://branches.britishlegion.org.uk/branches/okehampton,Okehampton RBL
http://branches.britishlegion.org.uk/branches/old-catton,Old Catton
https://www.rblorpington.co.uk/,Orpington
http://branches.britishlegion.org.uk/branches/oswestry,Oswestry
http://branches.britishlegion.org.uk/branches/over,Over & District RBL
http://branches.britishlegion.org.uk/branches/paignton,Paignton RBL
https://branches.britishlegion.org.uk/branches/park-gate/,Park Gate
http://branches.britishlegion.org.uk/branches/peaslake,Peaslake RBL
http://branches.britishlegion.org.uk/branches/pelynt,Pelynt & Lanreath RBL
https://counties.britishlegion.org.uk/branches/penketh-and-great-sankey/,Penketh and Great Sankey RBL
https://www.rblpenrith.org.uk/,Penrith RBL
http://branches.britishlegion.org.uk/branches/pershore-district,Pershore & District
http://branches.britishlegion.org.uk/branches/petersfield,Petersfield RBL
http://branches.britishlegion.org.uk/branches/pluckley-and-little-chart,Pluckley & Little Chart RBL
http://branches.britishlegion.org.uk/branches/plymouth-crownhill,Plymouth Crownhill RBL Branch
http://branches.britishlegion.org.uk/branches/poole,Poole RBL
https://branches.britishlegion.org.uk/branches/pencoed/,Pencoed RBL Branch
http://branches.britishlegion.org.uk/branches/penkridge,Penkridge RBL
http://branches.britishlegion.org.uk/branches/penryn,Penryn
http://branches.britishlegion.org.uk/branches/peterborough,Peterborough
http://branches.britishlegion.org.uk/branches/petts-wood,Petts Wood RBL
http://branches.britishlegion.org.uk/branches/plymouth-city-centre-branch,Plymouth City Centre Armed Forces Supporters
http://branches.britishlegion.org.uk/branches/polegate,Polegate RBL
http://branches.britishlegion.org.uk/branches/port-erin,Port Erin RBL
http://branches.britishlegion.org.uk/branches/portishead,Portishead
http://branches.britishlegion.org.uk/branches/poynton,Poynton RBL
http://branches.britishlegion.org.uk/branches/pudsey,Pudsey & Farsley RBL
http://branches.britishlegion.org.uk/branches/ramsbottom,Ramsbottom RBL
http://branches.britishlegion.org.uk/branches/randalstown,Randalstown RBL
http://branches.britishlegion.org.uk/branches/raunds-and-district,Raunds & Dist RBL
http://branches.britishlegion.org.uk/branches/redcar,Redcar RBL
http://branches.britishlegion.org.uk/branches/richmond,Richmond RBL
http://branches.britishlegion.org.uk/branches/potterne,Potterne Branch (Wiltshire)
http://branches.britishlegion.org.uk/branches/prestatyn,Prestatyn RBL
http://branches.britishlegion.org.uk/branches/rainworth,Rainworth, Blidworth and Dist RBL Branch
http://branches.britishlegion.org.uk/branches/ramsey,Ramsey RBL
http://branches.britishlegion.org.uk/branches/rathfriland,Rathfriland RBL
http://branches.britishlegion.org.uk/branches/rayleigh,Rayleigh RBL
http://branches.britishlegion.org.uk/branches/retford,Retford RBL
http://branches.britishlegion.org.uk/branches/rickmansworth,Rickmansworth RBL
http://branches.britishlegion.org.uk/branches/ringwood,Ringwood & District RBL
http://branches.britishlegion.org.uk/branches/rishton,Rishton RBL
http://branches.britishlegion.org.uk/branches/rochdale,Rochdale RBL
http://branches.britishlegion.org.uk/branches/romford,Romford RBL
http://branches.britishlegion.org.uk/branches/ross-on-wye,Ross on Wye RBL
http://branches.britishlegion.org.uk/branches/the-village,Royal British Legion Village RBL
http://branches.britishlegion.org.uk/branches/royal-tunbridge-wells,Royal Tunbridge Wells RBL
http://branches.britishlegion.org.uk/branches/royston,Royston RBL
http://branches.britishlegion.org.uk/branches/ripon,Ripon RBL
http://branches.britishlegion.org.uk/branches/roade-and-district,Roade & Dist RBL
http://branches.britishlegion.org.uk/branches/rolleston,Rolleston on Dove RBL
http://branches.britishlegion.org.uk/branches/romsey,Romsey
http://branches.britishlegion.org.uk/branches/rotherham-rawmarsh-parkgate,Rotherham Rawmarsh & Parkgate RBL
https://branches.britishlegion.org.uk/branches/royal-hillsborough-branch/,Royal Hillsborough Branch
http://branches.britishlegion.org.uk/branches/royal-wootton-bassett,Royal Wootton Bassett
http://branches.britishlegion.org.uk/branches/ruddington,Ruddington RBL
http://branches.britishlegion.org.uk/branches/rugby,Rugby No1 RBL
http://branches.britishlegion.org.uk/branches/rushden,Rushden RBL
http://branches.britishlegion.org.uk/branches/rye-district,Rye & District
https://branches.britishlegion.org.uk/branches/saffron-walden/,Saffron Walden
https://branches.britishlegion.org.uk/branches/salisbury-branch/,Salisbury
http://branches.britishlegion.org.uk/branches/sampford-peverell,Sampford, Peverell and Uplowman
http://branches.britishlegion.org.uk/branches/Sawston,Sawston & Pampisford RBL
http://seafordbritishlegion.co.uk/,Seaford RBL
http://branches.britishlegion.org.uk/branches/rugeley,Rugeley RBL
http://branches.britishlegion.org.uk/branches/ryde-isle-of-wight,Ryde RBL
http://branches.britishlegion.org.uk/branches/saddleworth,Saddleworth RBL
http://branches.britishlegion.org.uk/branches/salford-priors,Salford Priors RBL
http://branches.britishlegion.org.uk/branches/saltash-district,Saltash RBL
http://branches.britishlegion.org.uk/branches/sandbach,Sandbach RBL
http://branches.britishlegion.org.uk/branches/Sandy,Sandy & District RBL
http://branches.britishlegion.org.uk/branches/sawtry,Sawtry & Dist RBL
http://branches.britishlegion.org.uk/branches/seaham,Seaham
http://branches.britishlegion.org.uk/branches/seaview,Seaview Nettlestone RBL
http://branches.britishlegion.org.uk/branches/sedgeford,Sedgeford & Dist RBL
http://branches.britishlegion.org.uk/branches/shaftesbury,Shaftesbury RBL
http://branches.britishlegion.org.uk/branches/sherborne,Sherborne RBL
https://branches.britishlegion.org.uk/branches/shifnal/,Shifnal RBL
http://branches.britishlegion.org.uk/branches/shotley-erwarton,Shotley, Ewarton & District RBL Branch
https://www.sittingbournerbl.info/,Sittingbourne & Milton Regis RBL
http://branches.britishlegion.org.uk/branches/seascale-and-sellafield-branch,Seascale and Sellafield
http://branches.britishlegion.org.uk/branches/sedbergh,Sedbergh & Dist RBL
http://branches.britishlegion.org.uk/branches/seend,Seend RBL
http://branches.britishlegion.org.uk/branches/shanklin,Shanklin RBL
http://www.sheringhamrbl.co.uk/,Sheringham RBL
http://branches.britishlegion.org.uk/branches/shipston,Shipston on Stour RBL
http://www.royalbritishlegionshrewsbury.com/,Shrewsbury RBL
http://branches.britishlegion.org.uk/branches/sidbury-and-sidford,Sidbury & Sidford RBL
http://branches.britishlegion.org.uk/branches/sleaford,Sleaford RBL
http://branches.britishlegion.org.uk/branches/solihull,Solihull RBL
http://branches.britishlegion.org.uk/branches/south-elmsall,South Elmsall and District RBL
http://branches.britishlegion.org.uk/branches/south-shields,South Shields RBL
http://branches.britishlegion.org.uk/branches/southport,Southport RBL
http://branches.britishlegion.org.uk/branches/southwick-green,Southwick Green RBL
http://branches.britishlegion.org.uk/branches/spondon,Spondon RBL
http://branches.britishlegion.org.uk/branches/st-annes-on-sea,St Annes on Sea RBL
http://branches.britishlegion.org.uk/branches/soham,Soham RBL
http://branches.britishlegion.org.uk/branches/somersham-district,Somersham & Dist RBL
http://branches.britishlegion.org.uk/branches/south-molton,South Molton RBL
https://branches.britishlegion.org.uk/branches/southampton-rbl/,Southampton RBL Branch
http://branches.britishlegion.org.uk/branches/southwell,Southwell RBL
http://branches.britishlegion.org.uk/branches/spenborough,Spenborough RBL
http://branches.britishlegion.org.uk/branches/st-agnes,St Agnes RBL
http://branches.britishlegion.org.uk/branches/st-clears,St Clears RBL
http://branches.britishlegion.org.uk/branches/st-ives,St Ives Hunts RBL
http://branches.britishlegion.org.uk/branches/stafford,Stafford RBL
http://branches.britishlegion.org.uk/branches/stamford,Stamford RBL
https://www.staplehillrbl.org.uk/,Staple Hill & District
http://branches.britishlegion.org.uk/branches/stapleford-berwick,Stapleford & Berwick RBL
http://branches.britishlegion.org.uk/branches/steyning,Steyning & District RBL
http://branches.britishlegion.org.uk/branches/stockton-yarm,Stockton on Tees RBL
http://branches.britishlegion.org.uk/branches/stotfold,Stotfold & Arlesey
http://branches.britishlegion.org.uk/branches/st-silas,St Silas RBL
http://branches.britishlegion.org.uk/branches/stalybridge,Stalybridge and Dukinfield RBL
http://branches.britishlegion.org.uk/branches/standish,Standish RBL
https://rblstaple.wixsite.com/rblstaple,Staple RBL
http://branches.britishlegion.org.uk/branches/stevenage,Stevenage RBL
http://branches.britishlegion.org.uk/branches/stibbington,Stibbington & Dist RBL
http://branches.britishlegion.org.uk/branches/stonehouse-rbl,Stonehouse RBL
http://branches.britishlegion.org.uk/branches/stowmarket,Stowmarket RBL
http://branches.britishlegion.org.uk/branches/stratford-upon-avon,Stratford on Avon RBL
https://counties.britishlegion.org.uk/branches/sudbury,Sudbury RBL Branch
http://branches.britishlegion.org.uk/branches/sutton-scotney-district,Sutton Scotney RBL
http://branches.britishlegion.org.uk/branches/swavesey,Swavesey RBL
http://branches.britishlegion.org.uk/branches/tandragee,Tandragee RBL
http://branches.britishlegion.org.uk/branches/taunton,Taunton RBL
http://branches.britishlegion.org.uk/branches/tewkesbury,Tewkesbury RBL
http://branches.britishlegion.org.uk/branches/thaxted,Thaxted & District RBL
http://branches.britishlegion.org.uk/branches/sturminster,Sturminster RBL
http://branches.britishlegion.org.uk/branches/sunbury-on-thames,Sunbury on Thames RBL
http://branches.britishlegion.org.uk/branches/swadlincote,Swadlincote RBL
http://branches.britishlegion.org.uk/branches/tadley,Tadley & District RBL Branch
http://branches.britishlegion.org.uk/branches/tarporley,Tarporley RBL
http://branches.britishlegion.org.uk/branches/tetbury,Tetbury 1923 RBL
http://branches.britishlegion.org.uk/branches/thamesmead,Thamesmead & Abbey Wood RBL
http://branches.britishlegion.org.uk/branches/thetford,Thetford RBL
http://branches.britishlegion.org.uk/branches/thornbury,Thornbury & District RBL Branch
http://branches.britishlegion.org.uk/branches/thorner-scarcroft,Thorner & Scarcroft RBL
http://branches.britishlegion.org.uk/branches/thrapston-district,Thrapston & Dist RBL
http://branches.britishlegion.org.uk/branches/tideford,Tideford St Germans RBL
http://branches.britishlegion.org.uk/branches/toddington,Toddington RBL
http://branches.britishlegion.org.uk/branches/torpoint,Torpoint District RBL
http://www.compark.co.uk/legion/,Totton & Eling RBL
http://branches.britishlegion.org.uk/branches/tyldesley,Tyldesley RBL
http://branches.britishlegion.org.uk/branches/thorne,Thorne & District RBL
http://branches.britishlegion.org.uk/branches/thorpe,Thorpe RBL
http://branches.britishlegion.org.uk/branches/thurmaston/,Thurmaston
http://branches.britishlegion.org.uk/branches/tipton,Tipton RBL
http://branches.britishlegion.org.uk/branches/tollesbury,Tollesbury RBL
https://www.britishlegion.org.uk/branches/Torquay,Torquay
http://branches.britishlegion.org.uk/branches/towcester,Towcester
http://branches.britishlegion.org.uk/branches/uckfield,Uckfield RBL
https://branches.britishlegion.org.uk/branches/ulverston/,Ulverston RBL
http://www.rblusk.co.uk/,Usk RBL
http://branches.britishlegion.org.uk/branches/wainfleet,Wainfleet RBL
http://branches.britishlegion.org.uk/branches/walton,Walton on the Naze RBL
http://branches.britishlegion.org.uk/branches/wark ,Wark RBL
http://branches.britishlegion.org.uk/branches/warsop,Warsop, Meden Vale and Dist RBL
http://branches.britishlegion.org.uk/branches/washingborough-district,Washingborough & District RBL
http://branches.britishlegion.org.uk/branches/watchet,Watchet RBL
http://branches.britishlegion.org.uk/branches/upminster,Upminster RBL
http://branches.britishlegion.org.uk/branches/waddington,Waddington RBL
http://branches.britishlegion.org.uk/branches/wallingforddistrict,Wallingford & District
http://branches.britishlegion.org.uk/branches/wargrave,Wargrave RBL
http://branches.britishlegion.org.uk/branches/warminster,Warminster RBL
http://branches.britishlegion.org.uk/branches/warton,Warton
http://branches.britishlegion.org.uk/branches/warwick,Warwick RBL
http://branches.britishlegion.org.uk/branches/new-washington,Washington RBL
http://branches.britishlegion.org.uk/branches/waterside,Waterside RBL
http://branches.britishlegion.org.uk/branches/wath-brow-and-district,Wath Brow and District
http://branches.britishlegion.org.uk/branches/watlington,Watlington RBL
http://branches.britishlegion.org.uk/branches/wellingborough,Wellingborough and District
http://branches.britishlegion.org.uk/branches/wellington,Wellington Somerset RBL
http://branches.britishlegion.org.uk/branches/wem,Wem RBL
http://branches.britishlegion.org.uk/branches/west-felton,West Felton RBL
https://branches.britishlegion.org.uk/branches/wetherby,Wetherby RBL
https://branches.britishlegion.org.uk/branches/watford/,Watford
http://branches.britishlegion.org.uk/branches/wath-upon-dearne,Wath Upon Dearne
http://branches.britishlegion.org.uk/branches/watton-district,Watton & District RBL
http://branches.britishlegion.org.uk/branches/wellingtondistrict,Wellington & District RBL Branch
https://branches.britishlegion.org.uk/branches/welwyn-garden-city,Welwyn Garden City
http://branches.britishlegion.org.uk/branches/wembley,Wembley & Sudbury RBL Sub Branch
http://branches.britishlegion.org.uk/branches/weston-super-mare,Weston-super-Mare
http://branches.britishlegion.org.uk/branches/wheelton,Wheelton Rural District
http://branches.britishlegion.org.uk/branches/whitchurch-hants,Whitchurch Hants RBL
http://branches.britishlegion.org.uk/branches/whitley-bay,Whitley Bay RBL
http://branches.britishlegion.org.uk/branches/whittlesey,Whittlesey RBL
https://counties.britishlegion.org.uk/branches/wickford,Wickford & District Branch
http://branches.britishlegion.org.uk/branches/wickham-market,Wickham Market RBL
http://branches.britishlegion.org.uk/branches/wigton,Wigton
http://branches.britishlegion.org.uk/branches/wilmslow,Wilmslow RBL
http://branches.britishlegion.org.uk/branches/winchcombe,Winchcombe RBL
http://branches.britishlegion.org.uk/branches/whitehead,Whitehead RBL
http://whitstablerbl.weebly.com/rbl-branch.html,Whitstable RBL
http://branches.britishlegion.org.uk/branches/whitwell,Whitwell RBL
https://branches.britishlegion.org.uk/branches/wickham/,Wickham
http://branches.britishlegion.org.uk/branches/wigan,Wigan RBL
http://branches.britishlegion.org.uk/branches/willaston-in-wirral,Willaston In Wirral RBL
http://branches.britishlegion.org.uk/branches/wimborne,Wimborne RBL
http://branches.britishlegion.org.uk/branches/winchester-district,Winchester RBL
http://branches.britishlegion.org.uk/branches/windermere,Windermere RBL
http://branches.britishlegion.org.uk/branches/windsor,Windsor & District Sub RBL
http://branches.britishlegion.org.uk/branches/witham,Witham RBL
https://branches.britishlegion.org.uk/branches/wiveliscombe/,Wiveliscombe RBL
http://branches.britishlegion.org.uk/branches/woodbridge,Woodbridge RBL
http://branches.britishlegion.org.uk/branches/woodmancote,Woodmancote and District RBL
http://branches.britishlegion.org.uk/branches/workington,Workington RBL
http://branches.britishlegion.org.uk/branches/worthen,Worthen RBL
http://branches.britishlegion.org.uk/branches/windlesham,Windlesham RBL
http://counties.britishlegion.org.uk/branches/winterton-district-rbl,Winterton & District
http://branches.britishlegion.org.uk/branches/wittering,Wittering & District RBL
http://branches.britishlegion.org.uk/branches/wivenhoe,Wivenhoe RBL
http://branches.britishlegion.org.uk/branches/woodford-bramhall,Woodford & Bramhall RBL
http://branches.britishlegion.org.uk/branches/worcester-park,Worcester Park RBL
http://branches.britishlegion.org.uk/branches/worksop,Worksop RBL
http://branches.britishlegion.org.uk/branches/worthing,Worthing RBL
http://branches.britishlegion.org.uk/branches/wrangle,Wrangle & District RBL
http://branches.britishlegion.org.uk/branches/wroughton,Wroughton and District RBL Branch
http://branches.britishlegion.org.uk/branches/yateley-and-hawley,Yateley & Hawley RBL Branch
http://branches.britishlegion.org.uk/branches/york,York RBL
http://branches.britishlegion.org.uk/branches/ystradgynlais,Ystradgynlais RBL
http://branches.britishlegion.org.uk/branches/wrentham-district,Wrentham & District RBL
http://branches.britishlegion.org.uk/branches/wymondham,Wymondham RBL
http://branches.britishlegion.org.uk/branches/yarnton,Yarnton Sub Branch RBL
http://branches.britishlegion.org.uk/branches/yeovil,Yeovil
http://branches.britishlegion.org.uk/branches/yoxall,Yoxall RBL
