Address,"Facility Type",State,Email,Phone,"Phone Carrier",County,Fax,"Security Level",Website,"No Of Beds","Mailing Address",
"101 West Elm St, Athens, AL 35611",Adult,Alabama,N/A,256-232-0111,InmateSales.com,Limestone,256-216-3443,"County - medium",http://www.limestonesheriff.com/,225,"101 West Elm St, Athens, AL 35611"
"423 Blount St, Guntersville, AL 35976",Adult,Alabama,N/A,256-582-2034,"TelMate Inmate Calling",Marshall,256-571-7774,"County - medium",http://www.marshallcosheriff.org/,250,"423 Blount St, Guntersville, AL 35976"
"1452 Alabama Hwy, Crossville, AL 35962",Adult,Alabama,twis702@yahoo.com,256-528-7831,GTL,DeKalb,256-528-2189,"City Jail - Medium",http://www.crossvillealabama.com/townhall.html,0,"1452 Alabama Hwy, Crossville, AL 35962"
"209 3rd Ave Northeast P.O. Box 278, Cullman, AL 35056-0278",Adult,Alabama,kculpepper@cullmanpd.com,256-734-1434,"Securus Tech®",Cullman,256-739-6081,"City Jail - Medium",http://www.cullmanpd.com/,0,"209 3rd Ave Northeast P.O. Box 278, Cullman, AL 35056-0278"
"192 South Broadnax, Dadeville, AL 36853",Adult,Alabama,N/A,256-825-6212,GTL,Tallapoosa,256-825-9291,"City Jail - Medium",http://www.dadevillepd.org/,0,"192 South Broadnax, Dadeville, AL 36853"
"740 South Daleville Ave PO Box 188, Daleville, AL 36322",Adult,Alabama,police@dalevilleal.com,334-598-4442,GTL,Dale,334-598-8670,"City Jail - Medium",http://www.dalevilleal.com/home/CityServices/PoliceDepartment.aspx,0,"740 South Daleville Ave PO Box 188, Daleville, AL 36322"
"402 Lee St Northeast PO Box 488, Decatur, AL 35602",Adult,Alabama,edtaylor@decatur-al.gov,256-341-4610,"TelMate Inmate Calling",Morgan,256-341-4605,"City Jail - Medium",http://www.decaturalabamausa.com/departments/policedept/index.html,0,"402 Lee St Northeast PO Box 488, Decatur, AL 35602"
"301 East Washington St, Demopolis, AL 36732",Adult,Alabama,police@demopolisal.gov,334-289-3073,GTL,Marengo,334-289-9187,"City Jail - Medium",http://www.demopolisal.gov/police.html,0,"301 East Washington St, Demopolis, AL 36732"
"1502 US Hwy 98 PO Box 400, Daphne, AL 36526",Adult,Alabama,N/A,251-621-2808,GTL,Baldwin,251-621-2826,"City Jail - Medium",http://www.daphnepolice.org/,0,"1502 US Hwy 98 PO Box 400, Daphne, AL 36526"
"210 North Saint Andrews St PO Box 2128, Dothan, AL 36303",Adult,Alabama,dpd@dothan.org,334-615-3000,"LegacyInmate.com Communications",Houston,334-615-3639,"City Jail - Medium",http://www.dothanpolice.org/,0,"210 North Saint Andrews St PO Box 2128, Dothan, AL 36303"
"304 Simmons St, Elba, AL 36323",Adult,Alabama,N/A,334-897-2555,GTL,Coffee,N/A,"City Jail - Medium",http://www.elbaalabama.net/city-services/police-department,0,"304 Simmons St, Elba, AL 36323"
"107 North Section St PO Drawer 429, Fairhope, AL 36532",Adult,Alabama,Joe.Petties@cofairhope.com,251-928-2385,GTL,Baldwin,251-990-0158,"City Jail - Medium",http://www.cofairhope.com/departments/police,0,"107 North Section St PO Drawer 429, Fairhope, AL 36532"
"740 North Main St, Arab, AL 35976",Adult,Alabama,eralston@arabcity.org,256-586-8124,"TelMate Inmate Calling",Marshall,N/A,"Police Station - Medium",http://www.arabcity.org/index.php/services/police,0,"740 North Main St, Arab, AL 35976"
"PO Box 8, Fyffe, AL 35971",Adult,Alabama,N/A,256-623-2222,GTL,DeKalb,N/A,"City Jail - Medium",http://www.fyffecitylimits.com/police-department.php,0,"PO Box 8, Fyffe, AL 35971"
"1210 Walker Chapel Road PO Box 699, Fultondale, AL 35068",Adult,Alabama,N/A,205-849-5456,"Securus Tech®",Jefferson,N/A,"City Jail - Medium",http://www.cityoffultondale.com/Aboutthecity/CityServices/PublicSafetyDepartment/PoliceDepartment/tabid/175/Default.aspx,0,"1210 Walker Chapel Road PO Box 699, Fultondale, AL 35068"
"110 West College St, Florence, AL 35630",Adult,Alabama,N/A,256-760-6300,GTL,Lauderdale,256-760-6388,"City Jail - Medium",http://www.florenceal.org/Police/index.html,0,"110 West College St, Florence, AL 35630"
"200 Gault Ave South, Fort Payne, AL 35967",Adult,Alabama,N/A,256-845-1414,GTL,DeKalb,256-845-4445,"City Jail - Medium",http://www.fortpayne.org/index.php?option=com_content&amp;view=article&amp;id=10&amp;Itemid=11,0,"200 Gault Ave South, Fort Payne, AL 35967"
"200 East Section Ave, Foley, AL 36535",Adult,Alabama,tipline@cityoffoley.org,251-970-3040,"NCIC Inmate Telephone Services",Baldwin,251-952-4014,"City Jail - Medium",http://www.cityoffoley.org/CityServices/PoliceDepartment.aspx,0,"200 East Section Ave, Foley, AL 36535"
"90 Broad St, Gadsden, AL 35901",Adult,Alabama,N/A,256-549-4500,GTL,Etowah,256-549-4547,"City Jail - Medium",http://www.cityofgadsden.com/index.aspx?nid=162,0,"90 Broad St, Gadsden, AL 35901"
"1309 Decatur Hwy, Gardendale, AL 35071",Adult,Alabama,N/A,205-631-8787,"NCIC Inmate Telephone Services",Jefferson,205-631-9700,"City Jail - Medium",http://cityofgardendale.com/site/?page_id=83,0,"1309 Decatur Hwy, Gardendale, AL 35071"
"201 Chastain Blvd West, Glencoe, AL 35905",Adult,Alabama,kenonmckenzie@cityofglencoe.net,256-492-1424,GTL,Etowah,256-492-1433,"City Jail - Medium",http://www.cityofglencoe.net/Police,0,"201 Chastain Blvd West, Glencoe, AL 35905"
"340 Blount Ave, Guntersville, AL 35976",Adult,Alabama,jpeterson@guntersvillepd.org,256-571-7571,"TelMate Inmate Calling",Marshall,256-571-7570,"City Jail - Medium",http://www.guntersvilleal.org/city_services/PUB_police_department.php,0,"340 Blount Ave, Guntersville, AL 35976"
"220 Clubhouse Drive, Gulf Shores, AL 36542",Adult,Alabama,edelmore@gulfshoresal.gov,251-968-2431,"NCIC Inmate Telephone Services",Baldwin,N/A,"City Jail - Medium",http://www.gulfshoresal.gov/index.aspx?NID=334,0,"220 Clubhouse Drive, Gulf Shores, AL 36542"
"510 South Royal St  PO Box 113, Mobile, AL 36601",Adult,Alabama,N/A,251-574-2321,"Global Tel Link (GTL) - ConnectNetwork",Mobile,251-574-3385,"County - medium",http://www.mobileso.com/,328,"510 South Royal St  PO Box 113, Mobile, AL 36601"
"PO Box 960 119 East Commerce St, Greenville, AL 36037",Adult,Alabama,N/A,334-382-7461,GTL,Butler,334-382-7985,"City Jail - Medium",http://www.greenville-alabama.com/Default.asp?ID=22&amp;pg=Police+Department,0,"PO Box 960 119 East Commerce St, Greenville, AL 36037"
"PO Box 188 427 James Crump Memorial Drive, Hamilton, AL 35570",Adult,Alabama,N/A,205-921-7424,GTL,Marion,205-921-2220,"City Jail - Medium",http://www.hamiltonchamberofcommerce.org/,0,"PO Box 188 427 James Crump Memorial Drive, Hamilton, AL 35570"
"9 Park St, Headland, AL 36345",Adult,Alabama,N/A,334-693-3383,GTL,Henry,N/A,"City Jail - Medium",http://www.headlandpd.net/,0,"9 Park St, Headland, AL 36345"
"174 Bell St, Heflin, AL 36264",Adult,Alabama,policechief@cityofheflin.org,256-463-2291,GTL,Cleburne,N/A,"City Jail - Medium",http://www.cityofheflin.org/policedepartment.html,0,"174 Bell St, Heflin, AL 36264"
"815 Wheeler Ave, Huntsville, AL 35801",Adult,Alabama,jason.fanning@huntsvilleal.gov,256-722-7100,GTL,Madison,N/A,"City Jail - Medium",http://www.hsvpolice.com/Detention_services.htm,0,"PO Box 2085, Huntsville, AL 35804-2085"
"PO Box 262 816 Hwy 52, Helena, AL 35080",Adult,Alabama,djones@helenapd.com,205-663-6499,GTL,Shelby,205-664-9208,"City Jail - Medium",http://www.cityofhelena.org/Default.asp?ID=22&amp;pg=Police+Department,0,"PO Box 262 816 Hwy 52, Helena, AL 35080"
"100 Municipal Lane, Hoover, AL 35216",Adult,Alabama,carpentc@ci.hoover.al.us,205-444-7737,"CenturyLink - IC Solutions - AL",Jefferson,205-444-7560,"City Jail - Medium",http://www.hooverpd.com/home/default.asp,0,"100 Municipal Lane, Hoover, AL 35216"
"100 Hughes Road, Madison, AL 35758",Adult,Alabama,N/A,256-722-5675,GTL,Madison,256-461-1633,"City Jail - Medium",http://www.doc.alabama.gov/InmateSearch.aspx,0,"100 Hughes Road, Madison, AL 35758"
"1833 29th Ave South, Homewood, AL 35209",Adult,Alabama,N/A,205-332-6204,"NCIC Inmate Telephone Services",Jefferson,205-877-8648,"City Jail - Medium",http://www.homewoodpd.org/information.php?id=8,0,"1833 29th Ave South, Homewood, AL 35209"
"101 South 20th St, Irondale, AL 35210",Adult,Alabama,N/A,205-956-5990,"Securus Tech®",Jefferson,205-951-1400,"City Jail - Medium",http://cityofirondaleal.gov/departments/police/,0,"101 South 20th St, Irondale, AL 35210"
"510 South Royal St  PO Box 113, Mobile, AL 36601",Adult,Alabama,N/A,251-574-4702,"Global Tel Link (GTL) - ConnectNetwork",Mobile,251-574-3385,"County - medium",http://www.mobileso.com/metro-jail-2/,1000,"510 South Royal St  PO Box 113, Mobile, AL 36601"
"116 Ladiga St Southeast, Jacksonville, AL 36265",Adult,Alabama,jpdchief@cableone.net,256-435-6448,"Securus Tech®",Calhoun,256-435-1075,"City Jail - Medium",http://www.jacksonvillepd.us/Jail.htm,0,"116 Ladiga St Southeast, Jacksonville, AL 36265"
"1610 Alabama Ave, Jasper, AL 35501",Adult,Alabama,N/A,205-221-2121,InmateSales.com,Walker,205-221-4974,"City Jail - Medium",http://www.jaspercity.com/site/index.php?option=com_content&amp;view=article&amp;id=146&amp;Itemid=306,0,"1610 Alabama Ave, Jasper, AL 35501"
"401 North Lanier Ave, Lanett, AL 36863",Adult,Alabama,lpd@lanett-police.com,334-644-2146,GTL,Chambers,334-644-5214,"City Jail - Medium",http://www.doc.alabama.gov/InmateSearch.aspx,0,"401 North Lanier Ave, Lanett, AL 36863"
"856 North Main St, Kinston, AL 36453",Adult,Alabama,N/A,334-565-3114,GTL,Coffee,334-565-9026,"City Jail - Medium",http://www.doc.alabama.gov/InmateSearch.aspx,0,"856 North Main St, Kinston, AL 36453"
"502 Lafayette St PO Box 1020, Livingston, AL 35470",Adult,Alabama,N/A,205-652-9525,GTL,Sumter,205-652-9772,"City Jail - Medium",http://www.ci.livingston.al.us/dept_pub_safety.htm,0,"502 Lafayette St PO Box 1020, Livingston, AL 35470"
"3821 Grandview Road, Millbrook, AL 36054",Adult,Alabama,N/A,334-285-5603,GTL,Elmore,334-285-5600,"City Jail - Medium",http://www.cityofmillbrook.org/,0,"3821 Grandview Road, Millbrook, AL 36054"
"2460 Government Blvd, Mobile, AL 36606",Adult,Alabama,N/A,251-208-1700,GTL,Mobile,251-208-1705,"City Jail - Medium",http://www.mobilepd.org/index.php,0,"2460 Government Blvd, Mobile, AL 36606"
"545 Main St, Montevallo, AL 35115",Adult,Alabama,N/A,205-665-2552,GTL,Shelby,205-665-9211,"City Jail - Medium",http://www.cityofmontevallo.com/,0,"545 Main St, Montevallo, AL 35115"
"2900 Daniel Drive, Moody, AL 35004",Adult,Alabama,N/A,205-640-5121,GTL,"St. Clair",205-640-2500,"City Jail - Medium",http://moodyalabama.gov/city_departments/police/index.html,0,"2900 Daniel Drive, Moody, AL 35004"
"100 Tibbett St, Mountain Brook, AL 35213",Adult,Alabama,policedept@mtnbrook.org,205-879-0486,GTL,Jefferson,205-870-5355,"City Jail - Medium",http://www.mtnbrook.org/Default.asp?ID=27&amp;pg=Contact+Information,0,"100 Tibbett St, Mountain Brook, AL 35213"
"2315 Costarides St, Mobile, AL 36617",Juvenile,Alabama,N/A,251-574-1450,GTL,Mobile,N/A,"County juvenile - low",http://www.doc.alabama.gov/InmateSearch.aspx,119,"2315 Costarides St, Mobile, AL 36617"
"2010 East Avalon Ave, Muscle Shoals, AL 35661",Adult,Alabama,evans@mspolice.org,256-383-6746,"Securus Tech®",Colbert,256-314-1443,"City Jail - Medium",http://www.cityofmuscleshoals.com/Default.asp?ID=37&amp;pg=Police+Department,0,"PO Box 2624, Muscle Shoals, AL 35662"
"3721 26th Ave, Northport, AL 35476",Adult,Alabama,N/A,205-339-6600,GTL,Tuscaloosa,N/A,"City Jail - Medium",http://www.cityofnorthport.org/pages/101/Divisions.html,0,"3721 26th Ave, Northport, AL 35476"
"302 2nd St North, Oneonta, AL 35121",Adult,Alabama,N/A,205-625-4351,GTL,Blount,205-625-4392,"City Jail - Medium",http://www.oneontapolice.org/,0,"302 2nd St North, Oneonta, AL 35121"
"501 South 10th St, Opelika, AL 36803",Adult,Alabama,RCook@ci.opelika.al.us,334-705-5200,GTL,Lee,334-749-4831,"City Jail - Medium",http://www.opelika.org/Default.asp?ID=521,0,"501 South 10th St, Opelika, AL 36803"
"4480 Orange Beach Blvd. PO Box 1039, Orange Beach, AL 36561",Adult,Alabama,N/A,251-981-9777,"Securus Tech®",Baldwin,251-981-2299,"City Jail - Medium",http://www.obpd.org/,0,"4480 Orange Beach Blvd. PO Box 1039, Orange Beach, AL 36561"
"PO Box 3383, Oxford, AL 36203",Adult,Alabama,N/A,253-831-3121,GTL,Calhoun,253-835-6101,"City Jail - Medium",http://www.oxfordalabama.org/Default.asp?ID=18,0,"PO Box 3383, Oxford, AL 36203"
"PO Box 1987, Ozark, AL 36361-1987",Adult,Alabama,cib@ozarkalabama.us,334-445-6321,GTL,Dale,334-774-5641,"City Jail - Medium",http://www.ozarkalabama.us/ozark/CityGovernment/CityDepartments/PoliceDepartment/tabid/62/Default.aspx,0,"PO Box 1987, Ozark, AL 36361-1987"
"32 Philip Davis St, Pelham, AL 35124",Adult,Alabama,police@pelhamonline.com,205-620-6550,GTL,Shelby,205-620-6549,"City Jail - Medium",http://www.pelhamonline.com/departments/police-department/,0,"32 Philip Davis St, Pelham, AL 35124"
"1905 1st Ave North, Pell City, AL 35125",Adult,Alabama,N/A,205-884-3334,GTL,"St. Clair",205-814-9079,"City Jail - Medium",http://www.epell.net/pellcity/Departments/Police/ChiefsMessage/tabid/92/Default.aspx,0,"1905 1st Ave North, Pell City, AL 35125"
"1111 Broad St, Phenix City, AL 36867",Adult,Alabama,N/A,334-298-0611,GTL,Russell,334-291-0192,"City Jail - Medium",http://www.phenixcityal.us/Default.asp?ID=22&amp;pg=Police+Department,0,"1111 Broad St, Phenix City, AL 36867"
"215 North Mount Pleasant Ave, Monroeville, AL 36460",Adult,Alabama,N/A,251-743-2502,"Securus Tech®",Monroe,251-575-5985,"County - medium",http://monroetnsheriff.com/,48,"215 North Mount Pleasant Ave, Monroeville, AL 36460"
"121 West Ladiga St PO Box 112, Piedmont, AL 36272",Adult,Alabama,steven.tidwell@piedmontcity.org,256-447-9091,"Securus Tech®",Calhoun,256-447-6119,"City Jail - Medium",http://piedmontpolice.org/,0,"121 West Ladiga St PO Box 112, Piedmont, AL 36272"
"101 West Main St, Prattville, AL 36067",Adult,Alabama,N/A,334-361-3671,GTL,Autauga,334-361-3639,"City Jail - Medium",http://www.prattvilleal.gov/departments/police-department.html,0,"101 West Main St, Prattville, AL 36067"
"216 East Prichard Lane, Prichard, AL 36610",Adult,Alabama,j.gardner@thecityofprichard.org,251-452-7900,GTL,Mobile,251-442-3707,"City Jail - Medium",http://www.thecityofprichard.org/Departments/police-department.html,0,"216 East Prichard Lane, Prichard, AL 36610"
"42 McCurdy Ave (Alabama Hwy 35)South, Rainsville, AL 35986",Adult,Alabama,chiefcenters@farmerstel.com,256-638-2157,GTL,DeKalb,N/A,"City Jail - Medium",http://www.rainsvillealabama.com/rainsville-police-dept.html,0,"PO Box 309, Rainsville, AL 35986"
"3700 Rainbow Drive    Fax Number: (256) 442-3813  Email Address:, Rainbow City, AL 35906",Adult,Alabama,police@rbcalabama.com,256-442-2513,GTL,Etowah,N/A,"City Jail - Medium",http://www.rbcalabama.com/html/police.html,0,"3700 Rainbow Drive    Fax Number: (256) 442-3813  Email Address:, Rainbow City, AL 35906"
"379 Depot St PO Box 130, Riverside, AL 35135",Adult,Alabama,N/A,205-338-7692,GTL,"St. Clair",205-338-9225,"City Jail - Medium",http://www.riversidealabama.net/public_safety/index.html,0,"379 Depot St PO Box 130, Riverside, AL 35135"
"23335 North Chicago St  PO Box 429, Robertsdale, AL 36567",Adult,Alabama,N/A,251-947-2222,"NCIC Inmate Telephone Services",Baldwin,251-947-2228,"City Jail - Medium",http://www.robertsdale.org/government/police-department/,0,"23335 North Chicago St  PO Box 429, Robertsdale, AL 36567"
"400 North Jackson Ave PO Box 1000, Russellville, AL 35653",Adult,Alabama,info@russellvillepd.com,256-332-2230,GTL,Franklin,256-332-8718,"City Jail - Medium",http://russellvillepd.org/,0,"400 North Jackson Ave PO Box 1000, Russellville, AL 35653"
"716 Saraland Blvd South, Saraland, AL 36571",Adult,Alabama,jwest@saraland.org,251-675-5331,"NCIC Inmate Telephone Services",Mobile,251-679-5566,"City Jail - Medium",https://saraland.org/police-department/,0,"716 Saraland Blvd South, Saraland, AL 36571"
"1335 Sardis Drive, Sardis City, AL 35956",Adult,Alabama,sardiscitypd@hotmail.com,256-593-6492,GTL,Etowah,256-593-4151,"City Jail - Medium",http://www.doc.alabama.gov/InmateSearch.aspx,0,"1335 Sardis Drive, Sardis City, AL 35956"
"103 North Perry St, Montgomery, AL 36104",Adult,Alabama,ajhardy@montgomeryal.gov,334-241-2645,"AmTel Communications",Montgomery,N/A,"City Jail - Medium",http://www.montgomeryal.gov/city-government/departments/police/municipal-jail,0,"PO Box-Drawer 159, Montgomery, AL 36101"
"5668 Second St, Satsuma, AL 36572",Adult,Alabama,spolice21@mchsi.com,251-675-0151,GTL,Mobile,251-675-1485,"City Jail - Medium",http://www.cityofsatsuma.com/PoliceDepartment.html,0,"PO Box 517, Satsuma, AL 36572"
"916 South Broad St, Scottsboro, AL 35768",Adult,Alabama,rdawespd@scottsboro.org,256-574-4468,GTL,Jackson,256-574-4339,"City Jail - Medium",http://www.cityofscottsboro.com/index.php?option=com_content&amp;view=article&amp;id=65&amp;Itemid=142,0,"916 South Broad St, Scottsboro, AL 35768"
"1300 Alabama Ave PO Box 450, Selma, AL 36702",Adult,Alabama,wriley@selma-al.gov,334-874-6611,GTL,Dallas,334-874-1216,"City Jail - Medium",http://www.selma-al.gov/?q=Police,0,"1300 Alabama Ave PO Box 450, Selma, AL 36702"
"600 North Montgomery Ave, Sheffield, AL 35660-2834",Adult,Alabama,administrator@sheffieldpolice.org,256-383-1771,"Securus Tech®",Colbert,256-314-6002,"City Jail - Medium",http://www.sheffieldpolice.org/,0,"600 North Montgomery Ave, Sheffield, AL 35660-2834"
"PO Box 117, Shorter, AL 36075",Adult,Alabama,N/A,334-727-9190,GTL,Macon,334-727-9298,"City Jail - Medium",http://www.shorteralabama.com/town-departments/emergency-operations-center,0,"PO Box 117, Shorter, AL 36075"
"PO Box 1438, Winfield, AL 35594",Adult,Alabama,N/A,205-487-4333,GTL,Marion,205-487-0202,"City Jail - Medium",http://www.winfieldcity.org/departments/policedept,0,"PO Box 1438, Winfield, AL 35594"
"203 East Charles Ave  PO Box 190, Wetumpka, AL 36092",Adult,Alabama,N/A,334-567-5321,GTL,Elmore,334-567-1322,"City Jail - Medium",http://www.cityofwetumpka.com/Default.asp?ID=22&amp;pg=Police+Department,0,"203 East Charles Ave  PO Box 190, Wetumpka, AL 36092"
"513 Montgomery Hwy, Vestavia Hills, AL 35216",Adult,Alabama,jhardin@ci.vestaviahills.al.us,205-823-1153,GTL,Jefferson,205-978-0207,"City Jail - Medium",http://vestaviahillspolice.com/,0,"513 Montgomery Hwy, Vestavia Hills, AL 35216"
"110 1st St Northwest, Vernon, AL 35592",Adult,Alabama,N/A,205-695-7022,GTL,Lamar,205-695-1006,"City Jail - Medium",http://www.doc.alabama.gov/InmateSearch.aspx,0,"110 1st St Northwest, Vernon, AL 35592"
"10902 Public Safety Drive, Vance, AL 35490",Adult,Alabama,N/A,205-553-8278,GTL,Tuscaloosa,N/A,"City Jail - Medium",http://vancepolice.weebly.com/,0,"10902 Public Safety Drive, Vance, AL 35490"
"250 South McDonough St  PO Box 4599, Montgomery, AL 36103-4599",Adult,Alabama,wayneedwards@mc-ala.org,"334-832-1386; 334-832-4440","LegacyInmate.com Communications",Montgomery,334-832-2500,"County - medium",http://www2.mc-ala.org/mcso/divisions/jail/Pages/default.aspx,1290,"250 South McDonough St  PO Box 4599, Montgomery, AL 36103-4599"
"PO Box 186, Valley, AL 36854",Adult,Alabama,N/A,334-756-5200,GTL,Chambers,334-756-2167,"City Jail - Medium",http://www.cityofvalley.com/government/public-safety,0,"PO Box 186, Valley, AL 36854"
"100 Front St PO Box 1069, Uniontown, AL 36786",Adult,Alabama,N/A,334-628-4021,GTL,Perry,N/A,"City Jail - Medium",http://www.uniontownal.org/police.html,0,"100 Front St PO Box 1069, Uniontown, AL 36786"
"3801 Millcreek Ave, Tuscaloosa, AL 35401",Adult,Alabama,tpd.adm@tuscaloosa.com,205-349-2121,GTL,Tuscaloosa,N/A,"City Jail - Medium",http://www.tuscaloosa.com/e-services/Staff-Directory/tuscaloosa-police-department,0,"3801 Millcreek Ave, Tuscaloosa, AL 35401"
"131 Main St, Trussville, AL 35173",Adult,Alabama,dsivley@trussville.org,205-661-4015,"Securus Tech®",Jefferson,205-661-9915,"City Jail - Medium",http://www.trussvillepd.org/violators/jail/,32,"131 Main St, Trussville, AL 35173"
"300 East Elm St  PO Box 549, Troy, AL 36081",Adult,Alabama,bennys@troycable.net,334-566-0500,"Securus Tech®",Pike,334-566-7131,"City Jail - Medium",http://www.troypd.com/,0,"300 East Elm St  PO Box 549, Troy, AL 36081"
"2593 Commerce Circle, Tarrant, AL 35217",Adult,Alabama,N/A,205-849-2811,GTL,Jefferson,205-849-2807,"City Jail - Medium",http://www.cityoftarrant.com/policedept/,0,"2593 Commerce Circle, Tarrant, AL 35217"
"10294 Main St PO Box 267, Oakman, AL 35579",Adult,Alabama,N/A,205-622-3200,GTL,Walker,N/A,"City Jail - Medium",http://www.doc.alabama.gov/InmateSearch.aspx,0,"10294 Main St PO Box 267, Oakman, AL 35579"
"PO Box 761, Talladega, AL 35160",Adult,Alabama,N/A,256-362-4162,GTL,Talladega,256-315-0143,"Police Station - Medium",http://www.talladega.com/Default.asp?ID=95&amp;pg=Police+Department,0,"PO Box 761, Talladega, AL 35160"
"301 North Broadway, Sylacauga, AL 35150",Adult,Alabama,N/A,256-245-4334,GTL,Talladega,256-401-2463,"City Jail - Medium",http://www.facebook.com/pages/Sylacauga-Police-Department/213356012016877,0,"301 North Broadway, Sylacauga, AL 35150"
"502 West Lee Ave, Summerdale, AL 36580",Adult,Alabama,spdpolice@gulftel.com,251-989-6446,GTL,Baldwin,251-989-7042,"City Jail - Medium",http://www.summerdalealabama.com/departments/police-department.aspx,0,"502 West Lee Ave, Summerdale, AL 36580"
"1111 Air Base Blvd, Montgomery, AL 36108",Juvenile,Alabama,youthfacility@mc-ala.org,334-261-4100,InmateSales.com,Montgomery,N/A,"County juvenile - low",http://www.mc-ala.org/Departments/YouthFacility/Pages/Default.aspx,52,"1111 Air Base Blvd, Montgomery, AL 36108"
"30500 State Hwy 181  Suite 618, Spanish Fort, AL 36527",Adult,Alabama,"chiefedgar@ cityofspanishfort.com",251-626-4914,GTL,Baldwin,251-626-0582,"City Jail - Medium",http://www.cityofspanishfort.com/Government/PoliceDepartment.aspx,0,"30500 State Hwy 181  Suite 618, Spanish Fort, AL 36527"
"2255 Hwy 77, Southside, AL 35907",Adult,Alabama,N/A,256-442-2255,GTL,Etowah,256-442-4163,"City Jail - Medium",http://www.cityofsouthside.com/Default.asp?ID=22&amp;pg=Police+Department,0,"2255 Hwy 77, Southside, AL 35907"
"21638 Alabama Hwy 79, Scottsboro, AL 35768",Adult,Alabama,N/A,256-587-3335,GTL,Jackson,256-587-3145,"Police Station - Medium",http://www.police.townofskyline.com/,0,"21638 Alabama Hwy 79, Scottsboro, AL 35768"
"4905 Main St, Adamsville, AL 35005",Adult,Alabama,N/A,205-674-5671,GTL,Jefferson,N/A,"City Jail - Medium",http://www.cityofadamsville.org/police_department.html,0,"4905 Main St, Adamsville, AL 35005"
"16323 County Road 41, Addison, AL 35540",Adult,Alabama,N/A,256-747-1981,GTL,Winston,N/A,"City Jail - Medium",http://town-of-addison.com/,0,"16323 County Road 41, Addison, AL 35540"
"215 First St Northeast, Aliceville, AL 35442",Adult,Alabama,N/A,205-373-6631,GTL,Pickens,N/A,"Police Station - Medium",http://www.doc.alabama.gov/InmateSearch.aspx,0,"215 First St Northeast, Aliceville, AL 35442"
"2844 Main St PO Box 100, Altoona, AL 35952",Adult,Alabama,N/A,205-589-2311,GTL,Etowah,205-589-6006,"City Jail - Medium",http://www.doc.alabama.gov/InmateSearch.aspx,0,"2844 Main St PO Box 100, Altoona, AL 35952"
"26704 Main St, Ardmore, AL 35739",Adult,Alabama,ardmorepolicedepartment@yahoo.com,256-423-2146,GTL,Limestone,256-423-8182,"Police Station - Medium",http://www.doc.alabama.gov/InmateSearch.aspx,0,"26704 Main St, Ardmore, AL 35739"
"519 North Broadway St PO Box 428, Ashford, AL 36312",Adult,Alabama,ashfordpd@graceba.net,334-899-5113,GTL,Houston,334-899-9911,"Police Station - Medium",http://www.ashfordcitygovernment.com/policedept.php,0,"519 North Broadway St PO Box 428, Ashford, AL 36312"
"91 Memorial Dr, Ashland, AL 36251",Adult,Alabama,acoa@acs-isp.com,256-354-2121,GTL,Clay,256-354-3272,N/A,https://www.cityofashlandal.com/police,0,"91 Memorial Dr, Ashland, AL 36251"
"119 Lee St Northeast, Decatur, AL 35601",Adult,Alabama,leon.bradley@morgancoso.com,256-351-4800,"TelMate Inmate Calling",Morgan,256-351-4822,"County - medium",http://www.morgancountysheriffsoffice.com/,300,"119 Lee St Northeast, Decatur, AL 35601"
"7th Ave &amp; 6th St, Ashville, AL 35953",Adult,Alabama,N/A,205-594-4152,GTL,"St. Clair",205-594-4292,"City Jail - Medium",http://www.doc.alabama.gov/InmateSearch.aspx,0,"7th Ave &amp; 6th St, Ashville, AL 35953"
"201 East Louisville Ave, Atmore, AL 36504",Adult,Alabama,atmore_police@yahoo.com,251-368-9141,GTL,Escambia,251-368-0847,"City Jail - Medium",http://www.cityofatmore.com/content.asp?id=138666,0,"201 East Louisville Ave, Atmore, AL 36504"
"109 North Taylor St, Autaugaville, AL 36003",Adult,Alabama,N/A,334-365-9335,GTL,Autauga,334-365-1926,"City Jail - Medium",http://www.doc.alabama.gov/InmateSearch.aspx,0,"109 North Taylor St, Autaugaville, AL 36003"
"PO Box 244023, Montgomery, AL 36124-4023",Adult,Alabama,N/A,334-244-3424,GTL,Montgomery,N/A,"Police Station - Medium",http://www.aum.edu/about-aum/public-safety,0,"PO Box 244023, Montgomery, AL 36124-4023"
"1896 Alabama Hwy 131, Baker Hill, AL 36027",Adult,Alabama,N/A,334-616-0062,GTL,Barbour,N/A,"City Jail - Medium",http://www.doc.alabama.gov/InmateSearch.aspx,0,"1896 Alabama Hwy 131, Baker Hill, AL 36027"
"8725 Delcambre St, Bayou La Batre, AL 36509",Adult,Alabama,N/A,251-824-2757,GTL,Mobile,251-824-2935,"City Jail - Medium",http://www.visitbayoulabatre.com/cityservices.html,0,"8725 Delcambre St, Bayou La Batre, AL 36509"
"PO Box 173, Bear Creek, AL 35543",Adult,Alabama,N/A,205-486-4707,GTL,Marion,205-486-5996,"City Jail - Medium",http://www.doc.alabama.gov/InmateSearch.aspx,0,"PO Box 173, Bear Creek, AL 35543"
"30 School Ave, Berry, AL 35546",Adult,Alabama,N/A,205-689-4562,GTL,Fayette,205-689-4371,"City Jail - Medium",http://townofberryalabama.org/departments/policedept,0,"30 School Ave, Berry, AL 35546"
"171 Water St PO Box 186, Blountsville, AL 35031",Adult,Alabama,blountsvillepd@yahoo.com,205-429-2046,GTL,Blount,205-429-4010,"City Jail - Medium",http://www.blountsvillepd.com/,0,"171 Water St PO Box 186, Blountsville, AL 35031"
"10 Main St North PO Box 44, Brantley, AL 36009",Adult,Alabama,N/A,334-527-3244,GTL,Crenshaw,334-527-8624,"City Jail - Medium",http://www.townofbrantley.com/,0,"10 Main St North PO Box 44, Brantley, AL 36009"
"653 State Hwy 21 S, Hayneville, AL 36040",Adult,Alabama,N/A,334-548-2222,"AmTel Communications",Lowndes,334-548-5900,"County - medium",http://www.lowndescountysheriff.com/jailinfo.cfm,109,"653 State Hwy 21 S, Hayneville, AL 36040"
"202 Pickens St, Marion, AL 36756",Adult,Alabama,N/A,334-683-6636,"Securus Tech®",Perry,334-683-6534,"County - medium",http://www.doc.alabama.gov/InmateSearch.aspx,46,"202 Pickens St, Marion, AL 36756"
"22 First St PO Box 220, Brent, AL 35034",Adult,Alabama,brentpd@bellsouth.net,205-926-4643,GTL,Bibb,205-926-6061,"Police Station - Medium",http://www.cityofbrentalabama.com/policedepartment.html,0,"22 First St PO Box 220, Brent, AL 35034"
"1010 A Douglas Ave, Brewton, AL 36426",Adult,Alabama,valerie.boutwell@alacop.gov,251-867-3212,GTL,Escambia,251-867-2813,"City Jail - Medium",http://www.cityofbrewton.org/police,0,"PO Box 527, Brewton, AL 36427"
"PO Box 86, Bridgeport, AL 35740",Adult,Alabama,bpd@cityofbridgeportalabama.com,256-495-2140,GTL,Jackson,256-495-3040,"City Jail - Medium",http://www.cityofbridgeportalabama.com/PoliceDepartment.html,0,"PO Box 86, Bridgeport, AL 35740"
"3700 Main St, Brighton, AL 35020",Adult,Alabama,N/A,205-425-8934,"Securus Tech®",Jefferson,205-428-0470,"City Jail - Medium",http://www.doc.alabama.gov/InmateSearch.aspx,0,"3700 Main St, Brighton, AL 35020"
"PO Box 215, Brilliant, AL 35548",Adult,Alabama,N/A,205-465-2254,GTL,Marion,N/A,"City Jail - Medium",http://www.brilliantal.org/sections/civic/main.php,0,"PO Box 215, Brilliant, AL 35548"
"PO Box 142, Brookside, AL 35036",Adult,Alabama,debbiekeedy@att.net,205-674-9275,GTL,Jefferson,N/A,"City Jail - Medium",http://www.brooksidealabama.com/?page_id=9,0,"PO Box 142, Brookside, AL 35036"
"15689 Hwy 216, Brookwood, AL 35444",Adult,Alabama,info@brookwoodalabama.com,205-556-1300,GTL,Tuscaloosa,205-556-2674,"City Jail - Medium",http://www.brookwoodalabama.com/,0,"15689 Hwy 216, Brookwood, AL 35444"
"114 North Academy Ave PO Box 455, Butler, AL 36904",Adult,Alabama,N/A,205-459-3793,GTL,Choctaw,205-459-2511,"City Jail - Medium",http://www.doc.alabama.gov/InmateSearch.aspx,0,"114 North Academy Ave PO Box 455, Butler, AL 36904"
"108 Water St, Camden, AL 36726",Adult,Alabama,N/A,334-682-4815,GTL,Wilcox,334-682-5648,"City Jail - Medium",http://www.doc.alabama.gov/InmateSearch.aspx,0,"108 Water St, Camden, AL 36726"
"309 Holley Ave PO Box 100, Camp Hill, AL 36850",Adult,Alabama,N/A,256-896-4148,GTL,Tallapoosa,256-896-4411,"City Jail - Medium",http://www.doc.alabama.gov/InmateSearch.aspx,0,"309 Holley Ave PO Box 100, Camp Hill, AL 36850"
"4805 Hwy 80 East, Uniontown, AL 36786",Adult,Alabama,N/A,334-628-8885,InmateSales.com,Perry,N/A,"County - medium",http://www.doc.alabama.gov/InmateSearch.aspx,704,"4805 Hwy 80 East, Uniontown, AL 36786"
"170 2nd Ave Northwest, Carbon Hill, AL 35549",Adult,Alabama,chiefpetiempd@hotmail.com,205-924-4411,GTL,Walker,205-924-9961,"City Jail - Medium",http://www.cityofcarbonhill.com/cpd/PD.html,0,"170 2nd Ave Northwest, Carbon Hill, AL 35549"
"100 Court Square, Carrollton, AL 35447",Adult,Alabama,N/A,205-367-8711,GTL,Pickens,N/A,"City Jail - Medium",http://www.doc.alabama.gov/InmateSearch.aspx,0,"100 Court Square, Carrollton, AL 35447"
"4920 Main St, Cedar Bluff, AL 35959",Adult,Alabama,N/A,256-779-6835,GTL,Cherokee,N/A,"City Jail - Medium",http://www.doc.alabama.gov/InmateSearch.aspx,0,"4920 Main St, Cedar Bluff, AL 35959"
"1678 Cleveland Ave PO Box 97, Castleberry, AL 36432",Adult,Alabama,N/A,251-966-2200,GTL,Conecuh,251-966-2823,"City Jail - Medium",http://www.doc.alabama.gov/InmateSearch.aspx,0,"1678 Cleveland Ave PO Box 97, Castleberry, AL 36432"
"590 East Main St, Centre, AL 35960",Adult,Alabama,N/A,256-927-3661,GTL,Cherokee,N/A,"City Jail - Medium",http://www.cityofcentre.com/?page_id=18,0,"590 East Main St, Centre, AL 35960"
"1270 Walnut St, Centreville, AL 35042",Adult,Alabama,N/A,205-926-5052,GTL,Bibb,205-926-5443,"City Jail - Medium",http://centrevillealabama.intuitwebsites.com/policedepartment.html,0,"1270 Walnut St, Centreville, AL 35042"
"101 Cochran Ave, Chatom, AL 36518",Adult,Alabama,chatom@millry.net,256-847-2117,GTL,Washington,256-847-3669,"City Jail - Medium",http://www.chatom.org/,0,"101 Cochran Ave, Chatom, AL 36518"
"3752 Old Lee Hwy, Cherokee, AL 36516",Adult,Alabama,N/A,256-359-4959,GTL,Cherokee,256-359-4016,"City Jail - Medium",http://www.doc.alabama.gov/InmateSearch.aspx,0,"3752 Old Lee Hwy, Cherokee, AL 36516"
"224 North Craft Hwy PO Box 11307, Chickasaw, AL 36671",Adult,Alabama,N/A,251-452-6455,GTL,Mobile,251-452-6468,"City Jail - Medium",http://www.cityofchickasaw.org/PoliceDepartment.php,0,"224 North Craft Hwy PO Box 11307, Chickasaw, AL 36671"
"118 6th Ave Southwest   PO Box 369, Childersburg, AL 35044",Adult,Alabama,administration@childersburg.org,256-378-7207,GTL,Talladega,256-378-7593,"City Jail - Medium",http://www.childersburg.org/policedepartment.shtml,0,"118 6th Ave Southwest   PO Box 369, Childersburg, AL 35044"
"202 Cemetery St PO Box 226, Carrollton, AL 35477",Adult,Alabama,N/A,205-367-2006,"Securus Tech®",Pickens,205-367-8333,"County - medium",http://www.doc.alabama.gov/InmateSearch.aspx,157,"202 Cemetery St PO Box 226, Carrollton, AL 35477"
"One West Main St, Clayhatchee, AL 36322",Adult,Alabama,N/A,334-598-4321,GTL,Clay,N/A,"City Jail - Medium",http://www.doc.alabama.gov/InmateSearch.aspx,0,"One West Main St, Clayhatchee, AL 36322"
"6 South Midway St, Clayton, AL 36016",Adult,Alabama,N/A,334-775-8011,GTL,Barbour,N/A,"City Jail - Medium",http://www.doc.alabama.gov/InmateSearch.aspx,0,"6 South Midway St, Clayton, AL 36016"
"62732 US Hwy 231, Cleveland, AL 35049-3669",Adult,Alabama,N/A,205-274-9640,GTL,Blount,N/A,"City Jail - Medium",http://www.doc.alabama.gov/InmateSearch.aspx,0,"62732 US Hwy 231, Cleveland, AL 35049-3669"
"3311 Elamville St, Clio, AL 36017",Adult,Alabama,N/A,334-397-4402,GTL,Barbour,N/A,"City Jail - Medium",http://www.doc.alabama.gov/InmateSearch.aspx,0,"3311 Elamville St, Clio, AL 36017"
"39 Post Office St, Collinsville, AL 35961",Adult,Alabama,N/A,256-524-2136,GTL,DeKalb,256-524-2121,"City Jail - Medium",http://www.collinsvillealabama.net/,0,"39 Post Office St, Collinsville, AL 35961"
"202 South Main St, Columbia, AL 36319",Adult,Alabama,N/A,334-696-4444,GTL,Houston,334-696-8083,"City Jail - Medium",http://www.doc.alabama.gov/InmateSearch.aspx,0,"202 South Main St, Columbia, AL 36319"
"154 Main St, Cordova, AL 35550",Adult,Alabama,N/A,205-483-7378,"NCIC Inmate Telephone Services",Walker,205-483-9266,"Police Station - Medium",https://www.cityofcordova.org/police-department/,0,"154 Main St, Cordova, AL 35550"
"1414 Metcalf St, Cottonwood, AL 36320",Adult,Alabama,N/A,334-691-2113,GTL,Houston,334-691-3111,"City Jail - Medium",http://www.townofcottonwood.org/police__department.htm,0,"1414 Metcalf St, Cottonwood, AL 36320"
"271 Alabama St, Courtland, AL 35618",Adult,Alabama,N/A,256-637-2701,GTL,Lawrence,N/A,"City Jail - Medium",http://www.courtlandalabama.com/Pages/services.html#Anchor_police,0,"271 Alabama St, Courtland, AL 35618"
"190 Dead Lake Road, Creola, AL 36525",Adult,Alabama,jktaylor@cityofcreola.org,251-675-8145,GTL,Mobile,251-675-0266,"City Jail - Medium",http://www.cityofcreola.org/creola_police_department.htm,0,"190 Dead Lake Road, Creola, AL 36525"
"120 East Church St, Troy, AL 36081",Adult,Alabama,N/A,334-566-4360,InmateSales.com,Pike,334-807-0555,"County - medium",http://www.doc.alabama.gov/InmateSearch.aspx,0,"120 East Church St, Troy, AL 36081"
"409 Fourth Ave PO Box 385, York, AL 36907-9034",Adult,Alabama,N/A,205-392-5261,GTL,Sumter,205-392-2022,"City Jail - Medium",http://www.doc.alabama.gov/InmateSearch.aspx,0,"409 Fourth Ave PO Box 385, York, AL 36907-9034"
"1015 Desoto Ave, Dauphin Island, AL 36528",Adult,Alabama,ggoodwin@townofdauphinisland.org,251-861-5523,GTL,Mobile,N/A,"City Jail - Medium",http://www.townofdauphinisland.org/default.asp?ID=12,0,"1015 Desoto Ave, Dauphin Island, AL 36528"
"PO Box 26, Daviston, AL 36256",Adult,Alabama,N/A,256-395-2260,GTL,Tallapoosa,N/A,"City Jail - Medium",http://www.doc.alabama.gov/InmateSearch.aspx,0,"PO Box 26, Daviston, AL 36256"
"1485 Sharon Blvd, Dora, AL 35062",Adult,Alabama,N/A,205-648-3399,GTL,Walker,N/A,"City Jail - Medium",http://www.doc.alabama.gov/InmateSearch.aspx,0,"1485 Sharon Blvd, Dora, AL 35062"
"Municipal Building 23415 Hwy 195 PO Box 279, Double Springs, AL 35553",Adult,Alabama,N/A,205-489-5115,GTL,Winston,205-489-3529,"Police Station - Medium",http://www.townofdoublesprings.com/police-dept/,0,"Municipal Building 23415 Hwy 195 PO Box 279, Double Springs, AL 35553"
"55 Alabama Hwy 168 PO Box 45, Douglas, AL 35964",Adult,Alabama,Eric@DouglasPD.Org,256-593-9531,GTL,Marshall,N/A,"City Jail - Medium",http://www.douglaspd.org/,0,"55 Alabama Hwy 168 PO Box 45, Douglas, AL 35964"
"PO Box 216, Dozier, AL 36028",Adult,Alabama,N/A,334-496-9742,GTL,Crenshaw,N/A,"City Jail - Medium",http://www.doc.alabama.gov/InmateSearch.aspx,0,"PO Box 216, Dozier, AL 36028"
"615 Forrest Ave PO Box 2010, East Brewton, AL 36426",Adult,Alabama,N/A,251-867-4864,GTL,Escambia,N/A,"City Jail - Medium",http://www.cityofbrewton.org/,0,"615 Forrest Ave PO Box 2010, East Brewton, AL 36426"
"145 Main St Box 240430, Eclectic, AL 36024",Adult,Alabama,N/A,334-541-2148,GTL,Elmore,N/A,"City Jail - Medium",http://www.doc.alabama.gov/InmateSearch.aspx,0,"145 Main St Box 240430, Eclectic, AL 36024"
"PO Box Drawer 277, Elberta, AL 36530",Adult,Alabama,N/A,251-986-5300,GTL,Baldwin,251-986-8499,"City Jail - Medium",http://www.doc.alabama.gov/InmateSearch.aspx,0,"PO Box Drawer 277, Elberta, AL 36530"
"1 Main St PO Box 347, Wedowee, AL 36278",Adult,Alabama,N/A,256-357-4546,"TelMate Inmate Calling",Randolph,"256-357-2125, 256-357-2790","County - medium",http://www.randolphcountyalabama.gov/,37,"1 Main St PO Box 347, Wedowee, AL 36278"
"18890 Upper Fort Hampton Road PO Box 387, Elkmont, AL 35620",Adult,Alabama,N/A,256-732-4211,GTL,Limestone,N/A,"City Jail - Medium",http://www.doc.alabama.gov/InmateSearch.aspx,0,"18890 Upper Fort Hampton Road PO Box 387, Elkmont, AL 35620"
"PO Box 311000, Enterprise, AL 36330",Adult,Alabama,N/A,334-347-2222,GTL,Coffee,334-308-2851,"City Jail - Medium",http://www.enterprisepd.com/,0,"PO Box 311000, Enterprise, AL 36330"
"26266 Dr. Martin Luther King Hwy, Epes, AL 35460",Adult,Alabama,N/A,205-652-2223,GTL,Sumter,N/A,"City Jail - Medium",http://www.doc.alabama.gov/InmateSearch.aspx,0,"26266 Dr. Martin Luther King Hwy, Epes, AL 35460"
"545 East Barbour St, Eufaula, AL 36027",Adult,Alabama,N/A,334-687-1200,"Securus Tech®",Barbour,N/A,"City Jail - Medium",http://www.eufaulaalabama.com/CITYDEPARTMENTS/POLICEDEPARTMENT/MUNICIPALJAIL.aspx,21,"545 East Barbour St, Eufaula, AL 36027"
"116 Main St, Eutaw, AL 35462",Adult,Alabama,N/A,205-372-4334,GTL,Greene,N/A,"City Jail - Medium",http://www.doc.alabama.gov/InmateSearch.aspx,0,"116 Main St, Eutaw, AL 35462"
"116 Main St, Eutaw, AL 35462",Adult,Alabama,N/A,205-372-4334,GTL,Greene,N/A,"City Jail - Medium",http://www.doc.alabama.gov/InmateSearch.aspx,0,"116 Main St, Eutaw, AL 35462"
"355 East Front St PO Box 229, Evergreen, AL 36401",Adult,Alabama,N/A,251-578-1111,GTL,Conecuh,N/A,"City Jail - Medium",http://www.evergreenal.org/index.php/city-services/police-department,0,"355 East Front St PO Box 229, Evergreen, AL 36401"
"5231 Court B, Fairfield, AL 35064",Adult,Alabama,N/A,205-786-4111,GTL,Jefferson,205-783-6024,"City Jail - Medium",http://www.doc.alabama.gov/InmateSearch.aspx,0,"5231 Court B, Fairfield, AL 35064"
"21 West First St PO Box 407, Falkville, AL 35622",Adult,Alabama,N/A,256-784-5237,GTL,Morgan,N/A,"City Jail - Medium",http://www.doc.alabama.gov/InmateSearch.aspx,0,"21 West First St PO Box 407, Falkville, AL 35622"
"118 First Ave Northeast, Fayette, AL 35555",Adult,Alabama,N/A,205-932-5312,GTL,Fayette,205-932-5316,"City Jail - Medium",http://www.doc.alabama.gov/InmateSearch.aspx,0,"118 First Ave Northeast, Fayette, AL 35555"
"307 Prentiss Drive  PO Box 640, Phenix City, AL 36868-0640",Adult,Alabama,N/A,334-298-8621,"NCIC Inmate Telephone Services",Russell,334-291-7667,"County - medium",http://www.rcso.org/corrections.html,215,"307 Prentiss Drive  PO Box 640, Phenix City, AL 36868-0640"
"2125 Ringold St PO Box 632, Flomaton, AL 36441",Adult,Alabama,N/A,251-296-5811,GTL,Escambia,N/A,"City Jail - Medium",http://www.doc.alabama.gov/InmateSearch.aspx,0,"2125 Ringold St PO Box 632, Flomaton, AL 36441"
"22654 Wall Ave, Florala, AL 36442",Adult,Alabama,N/A,334-858-3244,GTL,Covington,334-858-4102,"City Jail - Medium",http://www.doc.alabama.gov/InmateSearch.aspx,0,"22654 Wall Ave, Florala, AL 36442"
"13327 U.S Hwy 43, Forkland, AL 36740",Adult,Alabama,N/A,334-289-4063,GTL,Greene,N/A,"City Jail - Medium",http://www.doc.alabama.gov/InmateSearch.aspx,0,"13327 U.S Hwy 43, Forkland, AL 36740"
"260 Old Fort Road East, Fort Deposit, AL 36032",Adult,Alabama,N/A,334-227-4331,GTL,Lowndes,N/A,"City Jail - Medium",http://www.doc.alabama.gov/InmateSearch.aspx,0,"260 Old Fort Road East, Fort Deposit, AL 36032"
"200 Gault Ave South, Fort Payne, AL 35967-1993",Adult,Alabama,N/A,256-845-1414,"TelMate Inmate Calling",DeKalb,256-845-4445,"City Jail - Medium",http://www.fortpayne.org/index.php?option=com_content&amp;view=article&amp;id=10&amp;Itemid=11,0,"200 Gault Ave South, Fort Payne, AL 35967-1993"
"4165 Bowden St, Frisco, AL 36445",Adult,Alabama,N/A,251-267-3113,GTL,Monroe,N/A,"City Jail - Medium",http://www.doc.alabama.gov/InmateSearch.aspx,0,"4165 Bowden St, Frisco, AL 36445"
"137 Adams Ave, Fulton, AL 36784",Adult,Alabama,N/A,334-636-2174,GTL,Clarke,N/A,"City Jail - Medium",http://www.doc.alabama.gov/InmateSearch.aspx,0,"137 Adams Ave, Fulton, AL 36784"
"517 South Commerce St, Geneva, AL 36340",Adult,Alabama,N/A,334-684-2777,GTL,Geneva,N/A,"City Jail - Medium",http://www.doc.alabama.gov/InmateSearch.aspx,0,"517 South Commerce St, Geneva, AL 36340"
"400 West Railroad Ave North, Georgiana, AL 36033",Adult,Alabama,N/A,334-376-2801,GTL,Butler,N/A,"City Jail - Medium",http://www.doc.alabama.gov/InmateSearch.aspx,0,"400 West Railroad Ave North, Georgiana, AL 36033"
"41343 Hwy 75 PO Box 183, Geraldine, AL 35974",Adult,Alabama,N/A,256-659-2122,GTL,DeKalb,N/A,"City Jail - Medium",http://www.doc.alabama.gov/InmateSearch.aspx,0,"41343 Hwy 75 PO Box 183, Geraldine, AL 35974"
"380 McDow Road  PO Box 1240, Columbiana, AL 35051",Adult,Alabama,schapman@shelbyso.com,205-669-4181,"NCIC Inmate Telephone Services",Shelby,205-669-3868,"County - medium",http://www.shelbyso.com/page.php?p=jail_info,500,"380 McDow Road  PO Box 1240, Columbiana, AL 35051"
"PO Box 152, Gilbertown, AL 36908",Adult,Alabama,N/A,251-843-2766,GTL,Choctaw,251-843-2676,"City Jail - Medium",http://www.doc.alabama.gov/InmateSearch.aspx,0,"PO Box 152, Gilbertown, AL 36908"
"51 South Main St PO Box 45, Goodwater, AL 35072",Adult,Alabama,N/A,256-839-6321,GTL,Coosa,N/A,"City Jail - Medium",http://www.doc.alabama.gov/InmateSearch.aspx,0,"51 South Main St PO Box 45, Goodwater, AL 35072"
"187 7th St Southwest PO Box 541, Gordo, AL 35466",Adult,Alabama,N/A,205-364-7111,GTL,Pickens,205-364-8295,"City Jail - Medium",http://www.doc.alabama.gov/InmateSearch.aspx,0,"187 7th St Southwest PO Box 541, Gordo, AL 35466"
"692 Tifton Road PO Box 46, Gordon, AL 36343",Adult,Alabama,N/A,334-522-1305,GTL,Houston,N/A,"City Jail - Medium",http://www.doc.alabama.gov/InmateSearch.aspx,0,"692 Tifton Road PO Box 46, Gordon, AL 36343"
"4766 Main St PO Box 70, Grant, AL 35747",Adult,Alabama,N/A,256-728-4233,GTL,Marshall,N/A,"City Jail - Medium",http://www.grantalabama.com/Emergency_Services.htm,0,"4766 Main St PO Box 70, Grant, AL 35747"
"246 South Main St PO Box 130, Graysville, AL 35073",Adult,Alabama,N/A,205-674-5643,GTL,Jefferson,205-674-5646,"City Jail - Medium",http://www.doc.alabama.gov/InmateSearch.aspx,0,"246 South Main St PO Box 130, Graysville, AL 35073"
"1101 Main St PO Drawer I, Greensboro, AL 36744",Adult,Alabama,N/A,334-624-3902,GTL,Hale,N/A,"City Jail - Medium",http://www.doc.alabama.gov/InmateSearch.aspx,0,"1101 Main St PO Drawer I, Greensboro, AL 36744"
"PO Box 847 111 South Church St, Grove Hill, AL 36451",Adult,Alabama,N/A,251-275-3153,GTL,Clarke,251-275-4153,"City Jail - Medium",http://www.grovehillal.com/contacts.html,0,"PO Box 847 111 South Church St, Grove Hill, AL 36451"
"7500 US Hwy 43 PO Box 249, Guin, AL 35563",Adult,Alabama,N/A,205-468-3363,GTL,Marion,205-468-3002,"City Jail - Medium",http://www.guinal.org/policeandfire.htm,0,"7500 US Hwy 43 PO Box 249, Guin, AL 35563"
"235 Walker St PO Box 128, Gurley, AL 35748",Adult,Alabama,N/A,256-776-3313,GTL,Madison,N/A,"City Jail - Medium",http://gurleyalabama.contactez.net/,0,"235 Walker St PO Box 128, Gurley, AL 35748"
"102 Industrial Pkwy, Columbiana, AL 35051",Adult,Alabama,N/A,205-669-1187,"Global Tel Link (GTL) - ConnectNetwork",Shelby,205-669-1178,"LOW - general",https://www.geogroup.com/FacilityDetail/FacilityID/215,724,"102 Industrial Pkwy, Columbiana, AL 35051"
"314 First Ave, Hackleburg, AL 35564",Adult,Alabama,N/A,205-935-5195,GTL,Marion,N/A,"City Jail - Medium",http://www.doc.alabama.gov/InmateSearch.aspx,0,"314 First Ave, Hackleburg, AL 35564"
"1901 11th Ave, Haleyville, AL 35565",Adult,Alabama,N/A,205-486-5201,GTL,Winston,205-486-5775,"City Jail - Medium",http://www.doc.alabama.gov/InmateSearch.aspx,0,"1901 11th Ave, Haleyville, AL 35565"
"203 Bangor Ave Southeast, Hanceville, AL 35077",Adult,Alabama,Hanceville251@yahoo.com,256-352-9811,"Securus Tech®",Cullman,256-352-1203,"City Jail - Medium",http://www.cityofhanceville.net/publicservice.html,0,"203 Bangor Ave Southeast, Hanceville, AL 35077"
"83 Town Hall Lane PO Box 370, Harpersville, AL 35078",Adult,Alabama,N/A,205-672-2490,GTL,Shelby,205-672-1929,"City Jail - Medium",http://www.townofharpersville.com/Police.html,0,"83 Town Hall Lane PO Box 370, Harpersville, AL 35078"
"114 South Fourth Ave, Hartford, AL 36344",Adult,Alabama,N/A,334-588-2222,GTL,Geneva,334-588-3158,"City Jail - Medium",http://www.doc.alabama.gov/InmateSearch.aspx,0,"114 South Fourth Ave, Hartford, AL 36344"
"150 Chestnut St NW, Hartselle, AL 35640",Adult,Alabama,N/A,256-773-6534,"Securus Tech®",Morgan,256-773-4474,"City Jail - Medium",http://www.hartselle.org/wp/departments/police/,0,"150 Chestnut St NW, Hartselle, AL 35640"
"Hwys 75 &amp; 40 PO Box 39, Henager, AL 35978",Adult,Alabama,N/A,256-657-3230,GTL,DeKalb,N/A,"Police Station - Medium",http://www.doc.alabama.gov/InmateSearch.aspx,0,"Hwys 75 &amp; 40 PO Box 39, Henager, AL 35978"
"1 Mosses Park Circle PO Box 365, Hayneville, AL 36040",Adult,Alabama,N/A,334-548-2128,GTL,Lownes,334-548-2129,"City Jail - Medium",http://www.doc.alabama.gov/InmateSearch.aspx,0,"1 Mosses Park Circle PO Box 365, Hayneville, AL 36040"
"11355 Main St PO Box 10, Hillsboro, AL 35643",Adult,Alabama,N/A,256-637-2070,GTL,Lawrence,N/A,"City Jail - Medium",http://www.doc.alabama.gov/InmateSearch.aspx,0,"11355 Main St PO Box 10, Hillsboro, AL 35643"
"600 Martin Luther King Drive, Hobson, AL 36201",Adult,Alabama,N/A,256-831-0445,GTL,Calhoun,N/A,"City Jail - Medium",http://www.doc.alabama.gov/InmateSearch.aspx,0,"600 Martin Luther King Drive, Hobson, AL 36201"
"381 McDow Road  PO Box 736, Columbiana, AL 35051",Juvenile,Alabama,N/A,205-669-3990,GTL,Shelby,205-669-8580,"County juvenile - low",http://www.doc.alabama.gov/InmateSearch.aspx,34,"381 McDow Road  PO Box 736, Columbiana, AL 35051"
"3301 Alford Bend Road, Hokes Bluff, AL 35903",Adult,Alabama,N/A,256-492-2414,GTL,Etowah,N/A,"City Jail - Medium",http://www.cityofhokesbluff.com/CityGovernment/Police/tabid/140/Default.aspx,0,"3301 Alford Bend Road, Hokes Bluff, AL 35903"
"29164 US Hwy 72 PO Box 240, Hollywood, AL 35752",Adult,Alabama,N/A,256-259-1295,GTL,Jackson,N/A,"City Jail - Medium",http://www.doc.alabama.gov/InmateSearch.aspx,0,"29164 US Hwy 72 PO Box 240, Hollywood, AL 35752"
"1318 Hueytown Rd, Hueytown, AL 35023",Adult,Alabama,N/A,205-491-3587,"Securus Tech®",Jefferson,205-497-1880,"City Jail - Medium",http://hueytownal.org/departments/police/,0,"1318 Hueytown Rd, Hueytown, AL 35023"
"511 Railroad St PO Box 358, Hurtsboro, AL 36860",Adult,Alabama,N/A,334-667-0701,GTL,Russell,N/A,"City Jail - Medium",http://www.doc.alabama.gov/InmateSearch.aspx,0,"511 Railroad St PO Box 358, Hurtsboro, AL 36860"
"1405 Main St PO Box 162, Jacksons Gap, AL 36861",Adult,Alabama,N/A,256-825-8518,GTL,Tallapoosa,N/A,"City Jail - Medium",http://www.doc.alabama.gov/InmateSearch.aspx,0,"1405 Main St PO Box 162, Jacksons Gap, AL 36861"
"PO Box 72, Ider, AL 35981",Adult,Alabama,N/A,256-657-5717,GTL,DeKalb,N/A,"City Jail - Medium",http://www.doc.alabama.gov/InmateSearch.aspx,0,"PO Box 72, Ider, AL 35981"
"118 College Ave PO Box 95, Jackson, AL 36545",Adult,Alabama,N/A,251-246-4484,"TelMate Inmate Calling",Clarke,251-246-4445,"City Jail - Medium",http://jacksonalpd.com/main.html,0,"118 College Ave PO Box 95, Jackson, AL 36545"
"225 JC Mauldin Hwy, Killen, AL 35645",Adult,Alabama,N/A,256-757-5555,GTL,Lauderdale,N/A,"City Jail - Medium",http://www.doc.alabama.gov/InmateSearch.aspx,0,"225 JC Mauldin Hwy, Killen, AL 35645"
"9256 Stouts Road PO Box 206, Kimberly, AL 35091",Adult,Alabama,N/A,205-647-5531,GTL,Jefferson,205-647-9442,"City Jail - Medium",http://www.doc.alabama.gov/InmateSearch.aspx,0,"9256 Stouts Road PO Box 206, Kimberly, AL 35091"
"6947 Walden Drive, Kinsey, AL 36303",Adult,Alabama,N/A,334-793-5409,GTL,Houston,N/A,"City Jail - Medium",http://www.doc.alabama.gov/InmateSearch.aspx,0,"6947 Walden Drive, Kinsey, AL 36303"
"48 6th St Suite 300, Ashville, AL 35953",Adult,Alabama,N/A,205-594-2148,"Global Tel Link (GTL) - ConnectNetwork","St. Clair",205-594-2146,"County - medium",http://www.stclairco.com/index.php?submenu=Sheriff&amp;src=gendocs&amp;link=Sheriff_Coroner_Home&amp;category=Sheriff%20-%20Coroner,74,"48 6th St Suite 300, Ashville, AL 35953"
"1040 Park Drive, Leeds, AL 35094",Adult,Alabama,N/A,205-699-2585,GTL,Jefferson,205=699-3016,"City Jail - Medium",http://www.doc.alabama.gov/InmateSearch.aspx,0,"1040 Park Drive, Leeds, AL 35094"
"215 Industrial Blvd PO Box 144, Leesburg, AL 35983",Adult,Alabama,leesburgpolice@tds.net,256-526-8888,GTL,Cherokee,N/A,"City Jail - Medium",http://www.leesburgal.com/index.php?option=com_content&amp;view=article&amp;id=13&amp;Itemid=14,0,"215 Industrial Blvd PO Box 144, Leesburg, AL 35983"
"8900 Main St PO Box 308, Leighton, AL 35646",Adult,Alabama,N/A,246-446-8479,GTL,Colbert,246-446-8493,"City Jail - Medium",http://www.doc.alabama.gov/InmateSearch.aspx,0,"8900 Main St PO Box 308, Leighton, AL 35646"
"1708 Joe Bruer Road, Level Plains, AL 36322",Adult,Alabama,N/A,334-347-0422,GTL,Dale,334-598-1455,"City Jail - Medium",http://www.doc.alabama.gov/InmateSearch.aspx,0,"1708 Joe Bruer Road, Level Plains, AL 36322"
"11060 Hwy 101 PO Box 457, Lexington, AL 35648",Adult,Alabama,N/A,256-229-5564,GTL,Lauderdale,N/A,"City Jail - Medium",http://www.doc.alabama.gov/InmateSearch.aspx,0,"11060 Hwy 101 PO Box 457, Lexington, AL 35648"
"PO Box 172 33 Complex Drive, Lincoln, AL 35096",Adult,Alabama,lsc@lincolnalabama.com,205-763-7777,GTL,Talladega,205-763-7865,"City Jail - Medium",http://www.lincolnalabama.com/government/departments-and-services/lincoln-police-department/,0,"PO Box 172 33 Complex Drive, Lincoln, AL 35096"
"211 North Main St, Linden, AL 368748",Adult,Alabama,N/A,334-295-8697,GTL,Marengo,334-295-0224,"City Jail - Medium",http://www.lindenalabama.net/police.html,0,"211 North Main St, Linden, AL 368748"
"60169 Hwy 49 PO Box 247, Lineville, AL 36266",Adult,Alabama,N/A,256-396-2633,GTL,Clay,256-396-5036,"City Jail - Medium",http://www.doc.alabama.gov/InmateSearch.aspx,0,"60169 Hwy 49 PO Box 247, Lineville, AL 36266"
"5512 Ave H, Lipscomb, AL 35020",Adult,Alabama,N/A,205-428-6374,GTL,Jefferson,N/A,"City Jail - Medium",http://www.doc.alabama.gov/InmateSearch.aspx,0,"5512 Ave H, Lipscomb, AL 35020"
"1810 West T Allen Hwy, Littleville, AL 35654",Adult,Alabama,N/A,256-332-3474,GTL,Colbert,N/A,"City Jail - Medium",http://www.doc.alabama.gov/InmateSearch.aspx,0,"1810 West T Allen Hwy, Littleville, AL 35654"
"246 County Road 10, Tuskegee, AL 36083",Adult,Alabama,N/A,334-727-2503,"AmTel Communications",Macon,334-724-2506,"County - medium",http://www.doc.alabama.gov/InmateSearch.aspx,80,"246 County Road 10, Tuskegee, AL 36083"
"1510 Cogswell Ave  Suite 206, Pell City, AL 35125",Adult,Alabama,N/A,205-884-6842,"TelMate Inmate Calling","St. Clair",205-814-3676,"County - medium",http://www.doc.alabama.gov/InmateSearch.aspx,106,"1510 Cogswell Ave  Suite 206, Pell City, AL 35125"
"1548 Chippeway St, Lockhart, AL 36455",Adult,Alabama,N/A,334-858-3355,GTL,Covington,N/A,"City Jail - Medium",http://www.doc.alabama.gov/InmateSearch.aspx,0,"1548 Chippeway St, Lockhart, AL 36455"
"PO Box 125, Louisville, AL 36048",Adult,Alabama,N/A,334-266-5210,GTL,Barbour,N/A,"City Jail - Medium",http://www.doc.alabama.gov/InmateSearch.aspx,0,"PO Box 125, Louisville, AL 36048"
"1089 South Hickory St PO Box 9, Loxley, AL 36551",Adult,Alabama,N/A,251-964-6000,GTL,Baldwin,N/A,"City Jail - Medium",http://www.townofloxley.org/new-police.htm,0,"1089 South Hickory St PO Box 9, Loxley, AL 36551"
"9400 Alabama Hwy 22 PO Box 9, Maplesville, AL 36570",Adult,Alabama,maplesvillepd@bellsouth.net,334-366-4211,GTL,Chilton,N/A,"City Jail - Medium",http://www.townofmaplesville.com/policeDepartment.html,0,"9400 Alabama Hwy 22 PO Box 9, Maplesville, AL 36570"
"123 East Jefferson St PO Drawer 959, Marion, AL 36756",Adult,Alabama,N/A,334-683-6761,GTL,Perry,334-683-4326,"City Jail - Medium",http://www.marionsoal.com/page.php?id=9,0,"123 East Jefferson St PO Drawer 959, Marion, AL 36756"
"PO Box 151, McKenzie, AL 35456",Adult,Alabama,N/A,334-374-2311,GTL,Butler,334-374-2312,"City Jail - Medium",http://www.doc.alabama.gov/InmateSearch.aspx,0,"PO Box 151, McKenzie, AL 35456"
"PO Box 385, McIntosh, AL 36553",Adult,Alabama,N/A,251-944-2973,GTL,Washington,N/A,"City Jail - Medium",http://mcintoshalabama.org/index.php?option=com_content&amp;view=article&amp;id=112&amp;Itemid=68,0,"PO Box 385, McIntosh, AL 36553"
"5972 Alabama 117 PO Box 295, Mentone, AL 35984",Adult,Alabama,N/A,256-634-0704,GTL,DeKalb,N/A,"City Jail - Medium",http://www.doc.alabama.gov/InmateSearch.aspx,0,"5972 Alabama 117 PO Box 295, Mentone, AL 35984"
"725 Bessemer Super Hwy, Midfield, AL 35228",Adult,Alabama,N/A,205-923-7575,GTL,Jefferson,205-923-8399,"City Jail - Medium",http://www.cityofmidfield.com/police.html,0,"725 Bessemer Super Hwy, Midfield, AL 35228"
"PO Box 69, Midland, AL 36350",Adult,Alabama,N/A,334-983-3591,GTL,Dale,N/A,"City Jail - Medium",http://www.doc.alabama.gov/InmateSearch.aspx,0,"PO Box 69, Midland, AL 36350"
"162 6th Ave, Ashville, AL 35953",Juvenile,Alabama,N/A,205-594-2148,GTL,"St. Clair",205-594-2146,"County juvenile - low",http://www.stclairco.com/212/County-Jail,74,"162 6th Ave, Ashville, AL 35953"
"920 Black St PO Box 365, Millport, AL 35576",Adult,Alabama,N/A,205-662-4228,GTL,Lamar,205-662-4268,"City Jail - Medium",http://www.doc.alabama.gov/InmateSearch.aspx,0,"920 Black St PO Box 365, Millport, AL 35576"
"107 Second Ave PO Box 563, Millry, AL 36558",Adult,Alabama,N/A,251-846-2508,GTL,Washington,N/A,"City Jail - Medium",http://www.doc.alabama.gov/InmateSearch.aspx,0,"107 Second Ave PO Box 563, Millry, AL 36558"
"8400 Airport Blvd PO Box 88004, Mobile, AL 36608",Adult,Alabama,Jim.Kincaid@MobileAirportAuthority.com,251-639-4688,GTL,Mobile,251-639-4699,"Police Station - Medium",http://www.mobairport.com/,0,"8400 Airport Blvd PO Box 88004, Mobile, AL 36608"
"57 South Mount Pleasant Ave, Monroeville, AL 36460",Adult,Alabama,Monropd1@frontiernet.net,251-575-3249,GTL,Monroe,251-575-4379,"City Jail - Medium",http://www.cityofmonroeville.com/Default.asp?ID=204&amp;pg=Police+Department,0,"57 South Mount Pleasant Ave, Monroeville, AL 36460"
"8304 Stouts Road PO Box 163, Morris, AL 35116",Adult,Alabama,N/A,205-647-0596,"Securus Tech®",Jefferson,205-647-0597,"City Jail - Medium",http://www.doc.alabama.gov/InmateSearch.aspx,0,"8304 Stouts Road PO Box 163, Morris, AL 35116"
"PO Box 1108, Mosses, AL 36040",Adult,Alabama,N/A,334-563-9400,GTL,Lowndes,334-563-7559,"City Jail - Medium",http://www.doc.alabama.gov/InmateSearch.aspx,0,"PO Box 1108, Mosses, AL 36040"
"720 Seminary St, Moulton, AL 35650-1551",Adult,Alabama,N/A,256-974-8551,GTL,Lawrence,N/A,"City Jail - Medium",http://www.doc.alabama.gov/InmateSearch.aspx,0,"720 Seminary St, Moulton, AL 35650-1551"
"301 S Ripley St  PO Box 301501, Montgomery, AL 36130-1501",Adult,Alabama,webmaster@doc.alabama.gov,334-353-3883,"CenturyLink - IC Solutions - AL",Montgomery,N/A,"Administration - no inmates",http://www.doc.state.al.us/,0,"301 S Ripley St  PO Box 301501, Montgomery, AL 36130-1501"
"410 Market St PO Box 98, Moundville, AL 35474",Adult,Alabama,N/A,205-371-2218,GTL,Hale,205-371-9010,"City Jail - Medium",http://moundvillealabama.com/dept/police/,0,"410 Market St PO Box 98, Moundville, AL 35474"
"PO Box 309, Mount Vernon, AL 36560",Adult,Alabama,N/A,251-829-6631,GTL,Mobile,251-829-5546,"City Jail - Medium",http://www.mtvernonal.com/PoliceDepartment.html,0,"PO Box 309, Mount Vernon, AL 36560"
"115 Franklin St PO Box 773, Livingston, AL 35470",Adult,Alabama,N/A,205-652-2841,InmateSales.com,Sumter,205-652-7981,"County - medium",http://www.sumtersheriffoffice.com/countyjail.html,136,"115 Franklin St PO Box 773, Livingston, AL 35470"
"19 North Main St PO Box 1378, Boaz, AL 35957",Adult,Alabama,N/A,256-840-1474,GTL,Etowah,256-878-2225,"City Jail - Medium",http://www.doc.alabama.gov/InmateSearch.aspx,0,"19 North Main St PO Box 1378, Boaz, AL 35957"
"210 North Magnolia PO Box 37, Myrtlewood, AL 36763",Adult,Alabama,myrtlewoodpd@bellsouth.net,334-295-8333,GTL,Marengo,334-295-4029,"City Jail - Medium",http://www.doc.alabama.gov/InmateSearch.aspx,0,"210 North Magnolia PO Box 37, Myrtlewood, AL 36763"
"400 Headquarters St, Napier Field, AL 36303",Adult,Alabama,N/A,334-873-4266,GTL,Dale,334-873-4266,"Police Station - Medium",http://www.doc.alabama.gov/InmateSearch.aspx,0,"400 Headquarters St, Napier Field, AL 36303"
"202 South John St PO Box 70, New Brockton, AL 36351",Adult,Alabama,N/A,334-894-5559,GTL,Coffee,334-894-5686,"City Jail - Medium",http://www.doc.alabama.gov/InmateSearch.aspx,0,"202 South John St PO Box 70, New Brockton, AL 36351"
"5496 Main Drive PO Box 419, New Hope, AL 35760",Adult,Alabama,N/A,256-723-2616,GTL,Madison,N/A,"City Jail - Medium",http://www.doc.alabama.gov/InmateSearch.aspx,0,"5496 Main Drive PO Box 419, New Hope, AL 35760"
"12791 Hwy 22 East, New Site, AL 36256",Adult,Alabama,N/A,256-234-2049,GTL,Tallapoosa,256-234-2887,"City Jail - Medium",http://www.townofnewsite.com/departments.htm,0,"12791 Hwy 22 East, New Site, AL 36256"
"9 North College St, Newton, AL 36352",Adult,Alabama,N/A,334-229-0004,GTL,Dale,334-299-3174,"City Jail - Medium",http://www.doc.alabama.gov/InmateSearch.aspx,0,"9 North College St, Newton, AL 36352"
"106 South Broad St PO Box 119, Newville, AL 36353",Adult,Alabama,N/A,334-889-2222,GTL,Henry,N/A,"City Jail - Medium",http://www.doc.alabama.gov/InmateSearch.aspx,0,"106 South Broad St PO Box 119, Newville, AL 36353"
"PO Box 113, Odenville, AL 35953",Adult,Alabama,N/A,205-629-6366,GTL,"St. Clair",N/A,"City Jail - Medium",http://www.doc.alabama.gov/InmateSearch.aspx,0,"PO Box 113, Odenville, AL 35953"
"PO Box 93, North Courtland, AL 35618",Adult,Alabama,ncpd@bellsouth.net,334-637-8452,GTL,Lawrence,256-341-0212,"City Jail - Medium",http://www.doc.alabama.gov/InmateSearch.aspx,0,"PO Box 93, North Courtland, AL 35618"
"150 East Renfroe Road, Talladega, AL 35160",Adult,Alabama,info@talladegasheriff.org,256-761-2000,"TelMate Inmate Calling",Talladega,256-362-5670,"County - medium",http://talladegasheriff.org,485,"Post Office B, Talladega, AL 35161"
"7801 Alabama Hwy 77, Ohatchee, AL 36271",Adult,Alabama,N/A,256-892-3232,GTL,Calhoun,N/A,"City Jail - Medium",http://www.doc.alabama.gov/InmateSearch.aspx,0,"7801 Alabama Hwy 77, Ohatchee, AL 36271"
"106 North Main St, Opp, AL 36467",Adult,Alabama,N/A,334-493-4511,GTL,Covington,334-493-4411,"City Jail - Medium",http://www.doc.alabama.gov/InmateSearch.aspx,0,"106 North Main St, Opp, AL 36467"
"6484 Hwy 269 South PO Box 89, Parrish, AL 35580",Adult,Alabama,N/A,205-686-9991,GTL,Walker,N/A,"City Jail - Medium",http://townofparrishpolice@yahoo.com,0,"6484 Hwy 269 South PO Box 89, Parrish, AL 35580"
"282 Pine Grove Road PO Box 40, Pennington, AL 36916",Adult,Alabama,N/A,205-654-2526,GTL,Choctaw,205-459-4666,"City Jail - Medium",http://www.doc.alabama.gov/InmateSearch.aspx,0,"282 Pine Grove Road PO Box 40, Pennington, AL 36916"
"580 Railroad St PO Box 489, Phil Campbell, AL 35581",Adult,Alabama,N/A,205-993-5313,GTL,Franklin,205-993-4888,"City Jail - Medium",http://www.philcampbellal.com/philcampbellpd/index.html,0,"580 Railroad St PO Box 489, Phil Campbell, AL 35581"
"50 Dunn St PO Box 397, Pine Hill, AL 36769",Adult,Alabama,N/A,334-963-4351,GTL,Wilcox,334-963-4352,"City Jail - Medium",http://www.doc.alabama.gov/InmateSearch.aspx,0,"50 Dunn St PO Box 397, Pine Hill, AL 36769"
"16831 Hwy 14, Pickensville, AL 35447",Adult,Alabama,N/A,205-373-2068,GTL,Pickens,N/A,"City Jail - Medium",http://www.doc.alabama.gov/InmateSearch.aspx,0,"16831 Hwy 14, Pickensville, AL 35447"
"1309 Hwy 134 PO Box 202, Pinckard, AL 36371",Adult,Alabama,N/A,334-983-3517,GTL,Dale,N/A,"City Jail - Medium",http://www.doc.alabama.gov/InmateSearch.aspx,0,"1309 Hwy 134 PO Box 202, Pinckard, AL 36371"
"6100 County Road 88 PO Box 2, Pisgah, AL 35765",Adult,Alabama,N/A,256-451-3471,GTL,Jackson,256-451-7203,"City Jail - Medium",http://www.doc.alabama.gov/InmateSearch.aspx,0,"6100 County Road 88 PO Box 2, Pisgah, AL 35765"
"501 Park Road, Pleasant Grove, AL 35127",Adult,Alabama,N/A,205-744-1735,GTL,Jefferson,205-744-4658,"City Jail - Medium",http://cityofpg.com/pleasant-grove-departments/index.php?option=com_content&amp;view=article&amp;id=130&amp;Itemid=579,0,"501 Park Road, Pleasant Grove, AL 35127"
"316 Industrial Park Drive, Dadeville, AL 36853",Adult,Alabama,bjennings@tallaco.com,256-825-1039,"Global Tel Link (GTL) - ConnectNetwork",Tallapoosa,256-825-1012,"County - medium",http://www.tallaco.com/content.asp?formid=1504&amp;id=74101,170,"316 Industrial Park Drive, Dadeville, AL 36853"
"110 Broad St North, Powell, AL 35971",Adult,Alabama,N/A,256-638-4283,GTL,DeKalb,256-638-7667,"City Jail - Medium",http://www.doc.alabama.gov/InmateSearch.aspx,0,"110 Broad St North, Powell, AL 35971"
"242 Marco Drive, Priceville, AL 35603",Adult,Alabama,N/A,256-355-5476,GTL,Morgan,256-351-0563,"City Jail - Medium",http://www.doc.alabama.gov/InmateSearch.aspx,0,"242 Marco Drive, Priceville, AL 35603"
"146 Church Circle, Ragland, AL 35131",Adult,Alabama,N/A,205-472-2151,GTL,"St. Clair",205-472-2154,"City Jail - Medium",http://www.doc.alabama.gov/InmateSearch.aspx,0,"146 Church Circle, Ragland, AL 35131"
"21383 Main St PO Box 219, Ranburne, AL 36273",Adult,Alabama,N/A,256-568-3483,GTL,Cleburne,256-568-5726,"City Jail - Medium",http://www.doc.alabama.gov/InmateSearch.aspx,0,"21383 Main St PO Box 219, Ranburne, AL 36273"
"PO Box 2002, Red Bay, AL 35582",Adult,Alabama,N/A,256-356-4455,GTL,Franklin,256-356-3111,"City Jail - Medium",http://www.redbay-al.gov/govern.html,0,"PO Box 2002, Red Bay, AL 35582"
"PO Box 236 29098 Smiley St, Red Level, AL 36474",Adult,Alabama,N/A,334-469-5351,GTL,Covington,334-469-9091,"City Jail - Medium",http://www.redleveltown.com/,0,"PO Box 236 29098 Smiley St, Red Level, AL 36474"
"104 3rd Ave Southeast PO Box 489, Reform, AL 35481",Adult,Alabama,N/A,205-375-6363,GTL,Pickens,205-375-6371,"City Jail - Medium",http://www.doc.alabama.gov/InmateSearch.aspx,0,"104 3rd Ave Southeast PO Box 489, Reform, AL 35481"
"PO Box 35, Repton, AL 36475",Adult,Alabama,N/A,251-248-2370,GTL,Conecuh,N/A,"City Jail - Medium",http://www.reptonalabama.com,0,"PO Box 35, Repton, AL 36475"
"PO Box 17, River Falls, AL 36476",Adult,Alabama,N/A,334-222-3510,GTL,Covington,N/A,"City Jail - Medium",http://www.doc.alabama.gov/InmateSearch.aspx,0,"PO Box 17, River Falls, AL 36476"
"30 West Point St  PO Box 1270, Roanoke, AL 36274",Adult,Alabama,amelton@roanokealabama.org,334-863-2099,GTL,Randolph,334-863-7780,"City Jail - Medium",http://roanokealabama.org/pages/?pageID=21,0,"30 West Point St  PO Box 1270, Roanoke, AL 36274"
"1600 26th Ave, Tuscaloosa, AL 35401",Adult,Alabama,ajackson@tuscco.com,205-349-4511,"Securus Tech®",Tuscaloosa,205-349-4514,"County - medium",https://www.tcsoal.org/divisions/jail,547,"1600 26th Ave, Tuscaloosa, AL 35401"
"110 Main St PO Box 128, Rockford, AL 35136",Adult,Alabama,N/A,256-377-4911,GTL,Coosa,N/A,"City Jail - Medium",http://www.doc.alabama.gov/InmateSearch.aspx,0,"110 Main St PO Box 128, Rockford, AL 35136"
"59 Patton St PO Box 540, Rogersville, AL 35652",Adult,Alabama,chamber@rogersvillealabama.com,256-247-8863,GTL,Lauderdale,256-247-9117,"City Jail - Medium",http://www.doc.alabama.gov/InmateSearch.aspx,0,"59 Patton St PO Box 540, Rogersville, AL 35652"
"13 East Main St, Samson, AL 36477",Adult,Alabama,N/A,334-898-7118,GTL,Geneva,334-898-2955,"City Jail - Medium",http://www.doc.alabama.gov/InmateSearch.aspx,0,"13 East Main St, Samson, AL 36477"
"1335 Sardis Drive PO Box 310, Section, AL 35771",Adult,Alabama,sectional@farmerstel.com,256-228-4210,GTL,Jackson,256-228-7019,"City Jail - Medium",http://www.doc.alabama.gov/InmateSearch.aspx,0,"1335 Sardis Drive PO Box 310, Section, AL 35771"
"370 First St, Silas, AL 36919",Adult,Alabama,N/A,251-542-9505,GTL,Choctaw,251-542-9716,"City Jail - Medium",http://www.doc.alabama.gov/InmateSearch.aspx,0,"370 First St, Silas, AL 36919"
"22030 6th St PO Box 309, Silverhill, AL 36576",Adult,Alabama,N/A,251-945-5200,GTL,Baldwin,251-945-5199,"City Jail - Medium",http://www.doc.alabama.gov/InmateSearch.aspx,0,"22030 6th St PO Box 309, Silverhill, AL 36576"
"3835 Sipsey Road, Sipsey, AL 35584",Adult,Alabama,N/A,205-648-8754,GTL,Walker,205-648-4127,"City Jail - Medium",http://www.doc.alabama.gov/InmateSearch.aspx,0,"3835 Sipsey Road, Sipsey, AL 35584"
"255 East Lawrence Harris Hwy PO Box 1147, Slocomb, AL 36375",Adult,Alabama,N/A,334-886-3333,GTL,Geneva,334-886-3695,"City Jail - Medium",http://www.doc.alabama.gov/InmateSearch.aspx,0,"255 East Lawrence Harris Hwy PO Box 1147, Slocomb, AL 36375"
"87169 US Hwy 278 PO Box 505, Snead, AL 35952",Adult,Alabama,N/A,205-466-5900,GTL,Blount,205-466-3535,"City Jail - Medium",http://www.doc.alabama.gov/InmateSearch.aspx,0,"87169 US Hwy 278 PO Box 505, Snead, AL 35952"
"PO Box 155, Somerville, AL 35670",Adult,Alabama,N/A,256-778-8282,GTL,Morgan,N/A,"City Jail - Medium",http://www.doc.alabama.gov/InmateSearch.aspx,0,"PO Box 155, Somerville, AL 35670"
"5941 12th Ave East, Tuscaloosa, AL 35405",Juvenile,Alabama,N/A,205-349-3131,GTL,Tuscaloosa,205-349-3196,"County juvenile - low",http://www.doc.alabama.gov/InmateSearch.aspx,30,"5941 12th Ave East, Tuscaloosa, AL 35405"
"PO Box 919, Springville, AL 35146",Adult,Alabama,N/A,205-467-6133,GTL,"St. Clair",205-467-6136,"Police Station - Medium",http://www.springvillealabama.org/index.php/police,0,"PO Box 919, Springville, AL 35146"
"4508 County Road 47, Florence, AL 35634",Adult,Alabama,N/A,256-766-6625,GTL,Lauderdale,N/A,"Police Station - Medium",http://www.stflorianalabama.com/index.php/police-department/,0,"4508 County Road 47, Florence, AL 35634"
"4025 Pope Ave PO Box 425, Steele, AL 35987",Adult,Alabama,N/A,256-538-8145,GTL,"St. Clair",N/A,"City Jail - Medium",http://www.doc.alabama.gov/InmateSearch.aspx,0,"4025 Pope Ave PO Box 425, Steele, AL 35987"
"104 Kentucky Ave, Stevenson, AL 35772",Adult,Alabama,N/A,256-437-3005,GTL,Jackson,256-437-3017,"City Jail - Medium",http://www.doc.alabama.gov/InmateSearch.aspx,0,"104 Kentucky Ave, Stevenson, AL 35772"
"5797 US 278 PO Box 365, Sulligent, AL 35586",Adult,Alabama,N/A,205-698-9111,GTL,Lamar,205-698-8631,"City Jail - Medium",http://www.doc.alabama.gov/InmateSearch.aspx,0,"5797 US 278 PO Box 365, Sulligent, AL 35586"
"416 State St, Sumiton, AL 35148",Adult,Alabama,N/A,205-648-3261,"NCIC Inmate Telephone Services","Jefferson | Walker",205-648-3017,"City Jail - Medium",http://www.thecityofsumiton.com/,0,"416 State St, Sumiton, AL 35148"
"39989 State Hwy 75, Altoona, AL 35952-6564",Adult,Alabama,N/A,205-466-7400,GTL,Blount,N/A,"City Jail - Medium",http://www.doc.alabama.gov/InmateSearch.aspx,0,"39989 State Hwy 75, Altoona, AL 35952-6564"
"22957 Sylvania Ave South PO Box 150, Sylvania, AL 35988",Adult,Alabama,N/A,256-638-2204,GTL,DeKalb,256-638-7670,"City Jail - Medium",http://www.sylvaniaalabama.com/police.htm,0,"22957 Sylvania Ave South PO Box 150, Sylvania, AL 35988"
"1469 South County Road 59, Taylor, AL 36301",Adult,Alabama,N/A,334-677-5079,GTL,Houston,334-794-5821,"City Jail - Medium",http://www.doc.alabama.gov/InmateSearch.aspx,0,"1469 South County Road 59, Taylor, AL 36301"
"PO Box 967, Tuscumbia, AL 35674",Adult,Alabama,chieftonylogan@bellsouth.net,256-383-3121,"Securus Tech®",Colbert,256-386-5647,"City Jail - Medium",http://cityoftuscumbia.org/?page_id=83,0,"PO Box 967, Tuscumbia, AL 35674"
"1902 2nd Ave, Jasper, AL 35501",Adult,Alabama,k.godfrey@walkercountysheriff.com,205-302-4874,"NCIC Inmate Telephone Services",Walker,205-302-0321,"County - medium",http://www.walkercountysheriff.com/county-jail.html,250,"1902 2nd Ave, Jasper, AL 35501"
"16 North Seneca Drive, Trinity, AL 35673-6552",Adult,Alabama,N/A,256-353-2474,GTL,Morgan,256-353-3694,"City Jail - Medium",http://www.doc.alabama.gov/InmateSearch.aspx,0,"16 North Seneca Drive, Trinity, AL 35673-6552"
"640 6th St, Triana, AL 35756",Adult,Alabama,N/A,256-772-0152,GTL,Madison,256-464-5099,"City Jail - Medium",http://www.doc.alabama.gov/InmateSearch.aspx,0,"640 6th St, Triana, AL 35756"
"9239 East Commercial Ave, Trafford, AL 35172",Adult,Alabama,N/A,205-647-4751,GTL,Jefferson,205-647-3798,"City Jail - Medium",http://www.doc.alabama.gov/InmateSearch.aspx,0,"9239 East Commercial Ave, Trafford, AL 35172"
"16100 Hwy 17 North PO Box 318, Toxey, AL 36921",Adult,Alabama,N/A,251-843-5222,GTL,Choctaw,N/A,"City Jail - Medium",http://www.doc.alabama.gov/InmateSearch.aspx,0,"16100 Hwy 17 North PO Box 318, Toxey, AL 36921"
"16000 Main St PO Box 190, Town Creek, AL 35672",Adult,Alabama,N/A,256-685-3200,GTL,Lawrence,256-685-9777,"City Jail - Medium",http://www.doc.alabama.gov/InmateSearch.aspx,0,"16000 Main St PO Box 190, Town Creek, AL 35672"
"PO Box 608, Thorsby, AL 35171",Adult,Alabama,townofthorsby@centurytel.net,205-646-3575,GTL,Chilton,N/A,"Police Station - Medium",http://www.townofthorsby.com/?q=content/thorsby-police-chief,0,"PO Box 608, Thorsby, AL 35171"
"137 Adams Ave PO Box 127, Thomasville, AL 36784",Adult,Alabama,mstuckey@thomasvilleal.com,334-636-2174,GTL,Clarke,334-636-2171,"City Jail - Medium",http://www.thomasvilleal.com/Police.htm,0,"137 Adams Ave PO Box 127, Thomasville, AL 36784"
"154 Main St PO Box 276, Thomaston, AL 36783",Adult,Alabama,N/A,334-627-3434,GTL,Marengo,334-627-3650,"City Jail - Medium",http://www.townofthomaston.net/community.html#police/fire,0,"154 Main St PO Box 276, Thomaston, AL 36783"
"101 Fonville St PO Box 830687, Tuskegee, AL 36083",Adult,Alabama,lcpatrick@charterinternet.com,334-727-0200,GTL,Macon,334-724-1285,"City Jail - Medium",http://www.tuskegeealabama.org/departments/police.,0,"101 Fonville St PO Box 830687, Tuskegee, AL 36083"
"41 Anderson Stree PO Box 144, Valley Head, AL 35989",Adult,Alabama,N/A,256-635-6814,GTL,DeKalb,N/A,"City Jail - Medium",http://www.doc.alabama.gov/InmateSearch.aspx,0,"41 Anderson Stree PO Box 144, Valley Head, AL 35989"
"45 Court St  PO Box 307, Chatom, AL 36518",Adult,Alabama,N/A,251-847-2202,"NCIC Inmate Telephone Services",Washington,251-847-6677,"County - medium",http://wcso.mobileso.com/?page_id=131,80,"45 Court St  PO Box 307, Chatom, AL 36518"
"20 Fob James Drive P.O. Box 186, Valley, AL 36854",Adult,Alabama,N/A,334-756-3131,GTL,Chambers,334-756-4922,"City Jail - Medium",http://www.cityofvalley.com/government/public-safety,0,"20 Fob James Drive P.O. Box 186, Valley, AL 36854"
"PO Box 549, Union Springs, AL 36089",Adult,Alabama,N/A,334-738-3131,GTL,Bullock,334-738-5068,"City Jail - Medium",http://www.unionspringsalabama.com/About.html,0,"PO Box 549, Union Springs, AL 36089"
"25 Florey St, Vincent, AL 35178",Adult,Alabama,N/A,205-672-2261,GTL,Shelby,205-672-7662,"City Jail - Medium",http://www.townofvincent.com/policedepartment.html,0,"25 Florey St, Vincent, AL 35178"
"311 Main St, Wadley, AL 36276",Adult,Alabama,N/A,256-395-2261,GTL,Randolph,N/A,"City Jail - Medium",http://www.doc.alabama.gov/InmateSearch.aspx,0,"311 Main St, Wadley, AL 36276"
"215 Main St North, Warrior, AL 35180",Adult,Alabama,rhorn@cityofwarrior.com,205-647-0521,"Securus Tech®",Jefferson,"205-647 4508","City Jail - Medium",http://cityofwarrior.com/police,0,"215 Main St North, Warrior, AL 35180"
"500 Anniston St, Weaver, AL 36277",Adult,Alabama,police@weaver-alabama.org,256-820-0530,GTL,Calhoun,N/A,"Police Station - Medium",http://www.weaver-alabama.org/policedepartment.htm,0,"500 Anniston St, Weaver, AL 36277"
"PO Box 127, Webb, AL 36376",Adult,Alabama,N/A,334-712-0389,GTL,Houston,334-792-1072,"City Jail - Medium",http://www.doc.alabama.gov/InmateSearch.aspx,0,"PO Box 127, Webb, AL 36376"
"13 West Broad St, Wedowee, AL 36278",Adult,Alabama,N/A,256-357-2121,GTL,Randolph,N/A,"City Jail - Medium",http://www.doc.alabama.gov/InmateSearch.aspx,0,"13 West Broad St, Wedowee, AL 36278"
"1139 Main St PO Box 187, West Blockton, AL 35184",Adult,Alabama,N/A,205-938-7842,GTL,Bibb,205-938-7803,"City Jail - Medium",http://www.doc.alabama.gov/InmateSearch.aspx,0,"1139 Main St PO Box 187, West Blockton, AL 35184"
"625 Freedom Road, White Hall, AL 36040",Adult,Alabama,N/A,334-875-5703,GTL,Lowndes,N/A,"City Jail - Medium",http://www.doc.alabama.gov/InmateSearch.aspx,0,"625 Freedom Road, White Hall, AL 36040"
"240 Hwy 265 South, Camden, AL 36726",Adult,Alabama,sherif66@frontiernet.net,334-682-9394,"AmTel Communications",Wilcox,"334-682-9609, 334-682-9425","County - medium",http://www.wilcoxcountysheriff.com/jailinfo.cfm,64,"240 Hwy 265 South, Camden, AL 36726"
"PO Box 94, Woodville, AL 35776",Adult,Alabama,N/A,256-776-2860,GTL,Jackson,256-776-4895,"City Jail - Medium",http://www.doc.alabama.gov/InmateSearch.aspx,0,"PO Box 94, Woodville, AL 35776"
"23513 Hwy 5, Woodstock, AL 35188",Adult,Alabama,N/A,205-938-9790,GTL,Bibb,205-938-0132,"City Jail - Medium",http://www.woodstockalabama.com/policeDepartment.html,0,"23513 Hwy 5, Woodstock, AL 35188"
"565 E Renfroe Rd, Talladega, AL 35160",Adult,Alabama,tdg/execassistant@bop.gov,256-315-4100,"Trulincs - MoneyGram",Talladega,256-315-4495,"federal minimum",http://www.doc.alabama.gov/InmateSearch.aspx,364,"PO Box 2000, Talladega, AL 35160"
"11070 Hwy 14, Aliceville, AL 35442",Adult,Alabama,ali/execassistant@bop.gov,205-373-5000,"Trulincs - MoneyGram",Pickens,205-373-5020,"federal low",http://www.bop.gov/locations/institutions/ali/index.jsp,1074,"PO Box 487, Aliceville, AL 35442"
"11070 Hwy 14, Aliceville, AL 35442",Adult,Alabama,ali/execassistant@bop.gov,205-373-5000,"Trulincs - MoneyGram",Pickens,205-373-5020,"federal minimum",http://www.bop.gov/locations/institutions/ali/index.jsp,254,"PO Box 487, Aliceville, AL 35442"
"423 Blount Ave, Guntersville, AL 35976",Adult,Alabama,N/A,256-582-2034,"TelMate Inmate Calling",Marshall,256-571-7774,"County - medium",http://www.mccpca.com/contact.php,0,"423 Blount Ave, Guntersville, AL 35976"
"4625 McClellan Blvd, Anniston, AL 36204",Juvenile,Alabama,saswine52@gmail.com,256-237-2881,"NCIC Inmate Telephone Services",Calhoun,256-237-3088,"County juvenile - low",http://cvys.net/detention.html,48,"4625 McClellan Blvd, Anniston, AL 36204"
"4625 McClellan Blvd, Anniston, AL 36204",Juvenile,Alabama,jasongranholm@.cableone.net,256-237-2881,"NCIC Inmate Telephone Services",Calhoun,256-237-3088,"Juvenile reentry",http://cvys.net/camp.html,30,"4625 McClellan Blvd, Anniston, AL 36204"
"Fiber St, Huntsville, AL 35801",Adult,Alabama,sheriff@co.madison.al.us,256-519-4800,"Global Tel Link (GTL) - ConnectNetwork",Madison,256-519-4827,"County - medium",http://www.madisoncountysheriffal.org/page.php?id=10,1220,"P.O.Box 2047, Huntsville, AL 35804"
"11 Blake Drive PO Box 10, Double Springs, AL 35553",Adult,Alabama,N/A,205-489-5205,"TelMate Inmate Calling",Winston,205-489-3090,"County - medium",http://www.doc.alabama.gov/InmateSearch.aspx,50,"11 Blake Drive PO Box 10, Double Springs, AL 35553"
"Hwy 22 West, Alex City, AL 35011",Adult,Alabama,N/A,256-234-7533,"CenturyLink - IC Solutions - AL",Tallapoosa,N/A,"State - minimum",http://www.doc.alabama.gov/facility.aspx?loc=20,346,"PO Drawer 160, Alex City, AL 35010-0160"
"9947 Hwy 21 North, Atmore, AL 36503",Adult,Alabama,N/A,251-368-9115,"CenturyLink - IC Solutions - AL",Escambia,N/A,"State - minimum",http://www.doc.alabama.gov/facility.aspx?loc=9,250,"9947 Hwy 21 North, Atmore, AL 36503"
"565 Bibb Lane, Brent, AL 35034",Adult,Alabama,N/A,205-926-5252,"CenturyLink - IC Solutions - AL",Bibb,N/A,"State - medium",http://www.doc.alabama.gov/facility.aspx?loc=39,1914,"565 Bibb Lane, Brent, AL 35034"
"1216 25th St North, Birmingham, AL 35234-3196",Adult,Alabama,N/A,205-252-2994,"CenturyLink - IC Solutions - AL",Jefferson,N/A,"State - minimum",http://www.doc.alabama.gov/facility.aspx?loc=23,312,"1216 25th St North, Birmingham, AL 35234-3196"
"104 Bullock Drive, Union Springs, AL 36089-5107",Adult,Alabama,N/A,334-738-5625,"CenturyLink - IC Solutions - AL",Bullock,N/A,"State - medium",http://www.doc.alabama.gov/facility.aspx?loc=4,1658,"104 Bullock Drive, Union Springs, AL 36089-5107"
"1780 Alabama Hwy 221, Camden, AL 36726",Adult,Alabama,N/A,334-682-4287,"CenturyLink - IC Solutions - AL",Wilcox,N/A,"State - minimum",http://www.doc.alabama.gov/facility.aspx?loc=27,162,"1780 Alabama Hwy 221, Camden, AL 36726"
"13501 Plant Road, Childersburg, AL 35044",Adult,Alabama,N/A,256-378-3821,"CenturyLink - IC Solutions - AL",Talladega,N/A,"State - minimum",http://www.doc.alabama.gov/facility.aspx?loc=6,550,"35044-0368, Childersburg, AL 35044"
"1401 Hwy 20 West, Decatur, AL 35601",Adult,Alabama,N/A,256-350-0876,"CenturyLink - IC Solutions - AL",Morgan,N/A,"State - minimum",http://www.doc.alabama.gov/facility.aspx?loc=34,740,"1401 Hwy 20 West, Decatur, AL 35601"
"100 Warrior Lane, Bessemer, AL 35023-7299",Adult,Alabama,N/A,205-436-3681,"CenturyLink - IC Solutions - AL",Jefferson,N/A,"State - maximum",http://www.doc.alabama.gov/facility.aspx?loc=2,1760,"100 Warrior Lane, Bessemer, AL 35023-7299"
"100 Northside Sq, Huntsville, AL 35801",Adult,Alabama,sheriff@co.madison.al.us,256-519-4800,"Global Tel Link (GTL) - ConnectNetwork",Madison,256-519-4827,"County - medium",http://www.doc.alabama.gov/InmateSearch.aspx,1220,"100 Northside Sq, Huntsville, AL 35801"
"2828 Alabama Hwy 143, Elmore, AL 36025",Adult,Alabama,N/A,334-567-2221,"CenturyLink - IC Solutions - AL",Elmore,N/A,"State - medium",http://www.doc.alabama.gov/facility.aspx?loc=26,1232,"2828 Alabama Hwy 143, Elmore, AL 36025"
"200 Wallace Drive, Clio, AL 36017-2615",Adult,Alabama,N/A,334-397-4471,"CenturyLink - IC Solutions - AL",Barbour,N/A,"State - medium",http://www.doc.alabama.gov/facility.aspx?loc=13,1267,"200 Wallace Drive, Clio, AL 36017-2615"
"1 Boswell St, Elba, AL 36323",Adult,Alabama,N/A,334-897-5738,"CenturyLink - IC Solutions - AL",Coffee,N/A,"State - minimum",http://www.doc.alabama.gov/facility.aspx?loc=11,250,"1 Boswell St, Elba, AL 36323"
"3520 Marion Spillman Road, Elmore, AL 36025",Adult,Alabama,N/A,334-567-1460,"CenturyLink - IC Solutions - AL",Elmore,N/A,"State - medium",http://www.doc.alabama.gov/facility.aspx?loc=31,1176,"3520 Marion Spillman Road, Elmore, AL 36025"
"1132 County Road 73, Greensboro, AL 36744",Adult,Alabama,N/A,"NO LISTING",GTL,Hale,N/A,CLOSED,http://www.doc.alabama.gov/InmateSearch.aspx,112,"1132 County Road 73, Greensboro, AL 36744"
"9677 Hwy 21 North, Atmore, AL 36503",Adult,Alabama,N/A,251-368-8122,"CenturyLink - IC Solutions - AL",Escambia,N/A,"State - medium",http://www.doc.alabama.gov/facility.aspx?loc=17,1613,"Fountain 3800, Atmore, AL 36503-3800"
"223 Sasser Drive, Hamilton, AL 35570",Adult,Alabama,N/A,205-921-7453,"CenturyLink - IC Solutions - AL",Marion,N/A,"State - medium",http://www.doc.alabama.gov/facility.aspx?loc=30,300,"223 Sasser Drive, Hamilton, AL 35570"
"1826 Bexar Ave East, Hamilton, AL 35570",Adult,Alabama,N/A,205-921-9308,"CenturyLink - IC Solutions - AL",Marion,N/A,"State - minimum",http://www.doc.alabama.gov/facility.aspx?loc=28,264,"1826 Bexar Ave East, Hamilton, AL 35570"
"866 Ross Road, Atmore, AL 36503",Adult,Alabama,N/A,251-368-8173,"CenturyLink - IC Solutions - AL",Escambia,N/A,"State - maximum",http://www.doc.alabama.gov/facility.aspx?loc=33,1002,"Holman 3700, Atmore, AL 36503-3700"
"12201 Wares Ferry Road, Montgomery, AL 36117",Adult,Alabama,N/A,334-215-6600,"CenturyLink - IC Solutions - AL",Montgomery,N/A,"State - maximum",http://www.doc.alabama.gov/facility.aspx?loc=36,1421,"PO Box 150, Mt. Meigs, AL 36057"
"815 Wheeler Ave  , Huntsville, AL 35801",Adult,Alabama,sheriff@co.madison.al.us,256-519-4839,"Global Tel Link (GTL) - ConnectNetwork",Madison,256-532-6976,"County - medium",http://www.madisoncountysheriffal.org/page.php?id=10,1220,"PO Box 2047, Huntsville, AL 35804"
"28779 Nick David Road, Harvest, AL 35749",Adult,Alabama,N/A,256-233-4600,"CenturyLink - IC Solutions - AL",Madison,N/A,"State - maximum",http://www.doc.alabama.gov/facility.aspx?loc=10,2086,"28779 Nick David Road, Harvest, AL 35749"
"14880 County Road 64, Loxley, AL 36551",Adult,Alabama,N/A,251-964-5044,"CenturyLink - IC Solutions - AL",Baldwin,N/A,"State - minimum",http://www.doc.alabama.gov/facility.aspx?loc=3,562,"PO Box 1030, Loxley, AL 36551-1030"
"2423 N Beltline Hwy, Prichard, AL 36610",Adult,Alabama,N/A,251-452-0098,"CenturyLink - IC Solutions - AL",Mobile,N/A,"State - minimum",http://www.doc.alabama.gov/facility.aspx?loc=12,254,"PO Box 13040, Eight Mile, AL 36663"
"Hwy 22 West, Alex City, AL 35011",Adult,Alabama,N/A,256-234-7533,"CenturyLink - IC Solutions - AL",Tallapoosa,N/A,"State - minimum",http://www.doc.alabama.gov/facility.aspx?loc=20,346,"PO Drawer 160, Alex City, AL 35010-0160"
"1290 Red Eagle Road, Montgomery, AL 36110",Adult,Alabama,N/A,334-242-2510,"CenturyLink - IC Solutions - AL",Montgomery,N/A,"State - minimum",http://www.doc.alabama.gov/default.aspx,340,"1290 Red Eagle Road, Montgomery, AL 36110"
"1000 St. Clair Road, Springville, AL 35146",Adult,Alabama,N/A,205-467-6111,"CenturyLink - IC Solutions - AL","St. Clair",N/A,"State - maximum",http://www.doc.alabama.gov/facility.aspx?loc=21,1514,"1000 St. Clair Road, Springville, AL 35146"
"2690 Marion Spillway Road, Elmore, AL 36025",Adult,Alabama,N/A,334-567-2221,"CenturyLink - IC Solutions - AL",Elmore,N/A,"State - medium",http://www.doc.alabama.gov/facility.aspx?loc=16,1376,"PO Box 56, Elmore, AL 36025"
"8966 US Hwy 231 North, Wetumpka, AL 36092",Adult,Alabama,N/A,334-567-4369,"CenturyLink - IC Solutions - AL",Elmore,N/A,"State - maximum",http://www.doc.alabama.gov/facility.aspx?loc=5,975,"8966 US Hwy 231 North, Wetumpka, AL 36092"
"Hwy 239 North, Clayton, AL 36016",Adult,Alabama,N/A,334-775-3331,"CenturyLink - IC Solutions - AL",Barbour,N/A,"State - medium",http://www.doc.alabama.gov/facility.aspx?loc=38,1650,"Hwy 239 North, Clayton, AL 36016"
"PO Box 66, Westover, AL 35185",Juvenile,Alabama,N/A,205-678-4449,GTL,Shelby,N/A,"State juvenile low",http://www.alyh.org,0,"PO Box 66, Westover, AL 35185"
"817 Cook Ave, Huntsville, AL 35801",Juvenile,Alabama,ndcc@co.madison.al.us,256-532-0300,"Securus Tech®",Madison,256-532-0326,"County juvenile - low",http://www.doc.alabama.gov/InmateSearch.aspx,0,"817 Cook Ave, Huntsville, AL 35801"
"1601 County Road 57, Prattville, AL 36067",Juvenile,Alabama,N/A,334-361-9161,"CenturyLink - IC Solutions - AL",Autauga,N/A,"State juvenile - minimum",http://dys.alabama.gov/autauga_campus.html,78,"P.O. Box 680710, Prattville, AL 36068"
"5849 Old Springville Road, Pinson, AL 35126",Juvenile,Alabama,N/A,205-681-8841,GTL,Jefferson,N/A,CLOSED,http://www.doc.alabama.gov/InmateSearch.aspx,0,"5849 Old Springville Road, Pinson, AL 35126"
"5305 Ingram Rd, Deatsville, AL 36022",Adult,Alabama,N/A,334-290-3200,"CenturyLink - IC Solutions - AL",Elmore,N/A,"State - minimum",http://www.doc.state.al.us/InmateSearch.aspx,300,"PO Box 220410, Deatsville, AL 36022"
"1109 Spring Drive, Opelika, AL 36801",Juvenile,Alabama,coopydc@aol.com,334-749-2996,GTL,Lee,334-745-0503,"State juvenile low",http://lcydc.org,0,"1109 Spring Drive, Opelika, AL 36801"
"2315 Costarides St, Mobile, AL 36617",Juvenile,Alabama,N/A,251-574-5250,GTL,Mobile,N/A,"State juvenile low",http://www.doc.alabama.gov/InmateSearch.aspx,0,"2315 Costarides St, Mobile, AL 36617"
"1000 Industrial School Road  , Mount Meigs, AL 36057",Juvenile,Alabama,info@dys.alabama.gov,334-215-6008,"CenturyLink - IC Solutions - AL",Montgomery,N/A,"State juvenile - minimum",http://dys.alabama.gov/mtmeigs_campus.html,264,"PO Box 66, Montgomery, AL 36057"
"3232 Lay Springs Road, Gadsden, AL 35904",Juvenile,Alabama,N/A,256-546-6324,GTL,Etowah,N/A,"State juvenile - minimum",http://www.bridgeinc.org/,0,"3232 Lay Springs Road, Gadsden, AL 35904"
"2109 Bashi Rd  PO Box 695, Thomasville, AL 36784",Juvenile,Alabama,bridget.standifer@dys.alabama.gov,334-636-8700,"CenturyLink - IC Solutions - AL",Clarke,N/A,"State juvenile - minimum",http://dys.alabama.gov/,0,"2109 Bashi Rd  PO Box 695, Thomasville, AL 36784"
"1131 Eagletree Lane Southeast, Huntsville, AL 35801",Juvenile,Alabama,N/A,205-838-4904,GTL,Madison,256-880-7026,"State juvenile - minimum",http://www.sequelyouthservices.com/html/about-overview.html,0,"1131 Eagletree Lane Southeast, Huntsville, AL 35801"
"8950 Roebuck Blvd, Birmingham, AL 35206",Juvenile,Alabama,atigner@earthlink.net,205-838-4904,"CenturyLink - IC Solutions - AL",Jefferson,N/A,"State juvenile low",http://dys.alabama.gov/Vacca.html,0,"8950 Roebuck Blvd, Birmingham, AL 35206"
"101 Dunn St, Linden, AL 36748-0698",Adult,Alabama,N/A,334-295-2257,InmateSales.com,Marengo,334-295-1557,"County - medium",http://www.doc.alabama.gov/InmateSearch.aspx,118,"101 Dunn St, Linden, AL 36748-0698"
"Maxwell AFB  Building 1209  820 Willow St, Montgomery, AL 36112",Adult,Alabama,cmy/ccm@bop.gov,334-293-2360,GTL,Montgomery,334-293-2357,Reentry,http://www.bop.gov/DataSource/execute/dsFacilityAddressLoc?start=y&amp;facilityCode=cmy,0,"Maxwell AFB  Building 1209  820 Willow St, Montgomery, AL 36112"
"Maxwell Air Force Base, Montgomery, AL 36112",Adult,Alabama,mon/execassistant@bop.gov,334-293-2100,"Global Tel Link (GTL) - ConnectNetwork",Montgomery,334-293-2326,"federal minimum",http://www.bop.gov/locations/institutions/mon/index.jsp,859,"Maxwell Air Force Base, Montgomery, AL 36112"
"565 E Renfroe Rd, Talladega, AL 35160",Adult,Alabama,tdg/execassistant@bop.gov,256-315-4100,"Global Tel Link (GTL) - ConnectNetwork",Talladega,256-315-4495,"federal medium",https://www.bop.gov/locations/institutions/tdg/,2307,"PO Box 1000, Talladega, AL 35160"
"201 1st St North, Alabaster, AL 35007",Adult,Alabama, crigney@alabasterpolice.org,205-663-7401,GTL,Shelby,205-664-6841,"Police Station - Medium",http://www.cityofalabaster.com/contact-information/sp/24,0,"201 1st St North, Alabaster, AL 35007"
"101 Line Ave, Boaz, AL 35957",Adult,Alabama,police@cityofboaz.org,256-593-6812,"TelMate Inmate Calling",Etowah,256-593-4154,"Police Station - Medium",http://www.cityofboaz.org/police/,0,"101 Line Ave, Boaz, AL 35957"
"101 East Washington St, Abbeville, AL 36310",Adult,Alabama,mjones@cityofabbeville.org,334-585-2221,GTL,Henry,N/A,"City Jail - Medium",http://www.cityofabbeville.org/city-services/police/,0,"101 East Washington St, Abbeville, AL 36310"
"201 South Broad St, Albertville, AL 35950",Adult,Alabama,dpollard@cityofalbertville.com,256-891-8276,"TelMate Inmate Calling",Marshall,N/A,"Police Station - Medium",http://www.cityofalbertville.com/179/police-department.aspx,0,"201 South Broad St, Albertville, AL 35950"
"1 Court Square, Alexander City, AL 35010",Adult,Alabama,chief@alexandercityal.gov,256-397-1023,"Securus Tech®",Tallapoosa,N/A,"Police Station - Medium",http://www.alexandercityonline.com/police.html,0,"1 Court Square, Alexander City, AL 35010"
"102 Opp Ave PO Box 429, Andalusia, AL 36420",Adult,Alabama,wilbur.williams@andalusiapolice.com,334-222-1155,GTL,Covington,334-222-1122,"Police Station - Medium",http://www.andalusiapolice.com/,0,"102 Opp Ave PO Box 429, Andalusia, AL 36420"
"1200 Gurnee Ave, Anniston, AL 36201",Adult,Alabama,apd@annistonal.gov,256-231-7679,"Securus Tech®",Calhoun,256-231-7616,"Police Station - Medium",http://www.annistonal.gov/police/,0,"1200 Gurnee Ave, Anniston, AL 36201"
"280 Winchester Drive, Hamilton, AL 35570",Adult,Alabama,ddodd@marionsoal.com,205-921-7433,"NCIC Inmate Telephone Services",Marion,205-921-7598,"County - medium",http://www.marionsoal.com/page.php?id=9,86,"280 Winchester Drive, Hamilton, AL 35570"
"951 East Hobbs St, Athens, AL 35611",Adult,Alabama,N/A,256-233-8700,GTL,Limestone,N/A,"City Jail - Medium",http://www.athensalabama.us/police-department,0,"951 East Hobbs St, Athens, AL 35611"
"302 6th Ave Northwest, Attalla, AL 36954",Adult,Alabama,N/A,256-538-7837,InmateSales.com,Etowah,256-538-7894,"City Jail - Medium",http://www.attallacity.com/city-services/departments/police-department,0,"302 6th Ave Northwest, Attalla, AL 36954"
"141 North Ross St, Auburn, AL 36830",Adult,Alabama,webpubsfty@auburnalabama.org,334-501-3110,GTL,Lee,334-501-7286,"City Jail - Medium",http://www.auburnalabama.org/police/Default.aspx?PageID=96,0,"141 North Ross St, Auburn, AL 36830"
"PO Box 1208, Bay Minette, AL 36507",Adult,Alabama,mrowland@ci.bay-minette.al.us,251-580-2559,GTL,Baldwin,N/A,"City Jail - Medium",http://cityofbayminette.org/Police-Department,0,"PO Box 1208, Bay Minette, AL 36507"
"224 North Craft Hwy PO Box 11307, Chickasaw, AL 36671",Adult,Alabama,http://www.cityofchickasaw.org/ContactUs.php,251-452-6455,GTL,Mobile,251-452-6468,"City Jail - Medium",http://www.cityofchickasaw.org/PoliceDepartment.php,0,"224 North Craft Hwy PO Box 11307, Chickasaw, AL 36671"
"115 North Main St, Brundidge, AL 36010",Adult,Alabama,N/A,334-735-3333,GTL,Pike,N/A,"City Jail - Medium",http://www.brundidge.org/index.asp?Type=B_BASIC&amp;SEC=%7B1BA923B3-BDA0-419B-901A-07D7A22CBEFE%7D,0,"115 North Main St, Brundidge, AL 36010"
"10947 Hwy 25 PO Box 730, Calera, AL 35040",Adult,Alabama,slemley@calera.org,205-668-3505,GTL,Shelby,N/A,"City Jail - Medium",http://cityofcalera.org/index.aspx?NID=104,0,"10947 Hwy 25 PO Box 730, Calera, AL 35040"
"19135 Main St, Citronelle, AL 36522",Adult,Alabama,N/A,251-866-5527,GTL,Mobile,N/A,"City Jail - Medium",http://www.cityofcitronelle.com/departments.asp,0,"19135 Main St, Citronelle, AL 36522"
"601 1st Ave North, Clanton, AL 35045",Adult,Alabama,N/A,205-755-2511,GTL,Chilton,205-755-1298,"City Jail - Medium",http://www.clanton.al.us/city_police.php,0,"601 1st Ave North, Clanton, AL 35045"
"107 Mildred St, Columbiana, AL 35051",Adult,Alabama,N/A,205-669-5800,GTL,Shelby,N/A,"City Jail - Medium",http://www.cityofcolumbiana.com/Default.asp?ID=22,0,"107 Mildred St, Columbiana, AL 35051"
