https://3me.technology/,1.html
https://bayislandssecurity.com/,32.html
https://bellcohomes.net/,33.html
https://blackthorne.net.au/,35.html
https://bio.site/commandosteve,46.html
http://www.diverepairs.com.au/,56.html
https://www.guardio.com.au/,82.html
https://humanquotient.com.au/,91.html
https://jdrelectrical.com/,99.html
http://www.jyhq.com.au/,103.html
https://limitlessmovement.co/,119.html
http://www.majortraining.com.au/,126.html
https://militarygradetransport.com.au/,130.html
https://www.powerwavesolutions.com.au/,160.html
https://www.praesidiumcyber.com/,161.html
http://www.southportfirstaid.com.au/,184.html
http://www.temperedsco.com.au/,198.html
https://tboard.com.au/,210.html
https://wilpah.com.au/,223.html
