Canada,Alberta,Acme
Canada,Alberta,"Alberta Beach"
Canada,Alberta,Alix
Canada,Alberta,Alliance
Canada,Alberta,Amisk
Canada,Alberta,Andrew
Canada,Alberta,"Argentia Beach"
Canada,Alberta,Arrowwood
Canada,Alberta,Barnwell
Canada,Alberta,Barons
Canada,Alberta,Bawlf
Canada,Alberta,Beiseker
Canada,Alberta,Berwyn
Canada,Alberta,"Betula Beach"
Canada,Alberta,"Big Valley"
Canada,Alberta,"Birch Cove"
Canada,Alberta,Birchcliff
Canada,Alberta,"Bittern Lake"
Canada,Alberta,Bondiss
Canada,Alberta,"Bonnyville Beach"
Canada,Alberta,Botha
Canada,Alberta,Boyle
Canada,Alberta,Breton
Canada,Alberta,Burdett
Canada,Alberta,"Burnstick Lake"
Canada,Alberta,Carbon
Canada,Alberta,Carmangay
Canada,Alberta,Caroline
Canada,Alberta,"Castle Island"
Canada,Alberta,Cereal
Canada,Alberta,Champion
Canada,Alberta,Chauvin
Canada,Alberta,Chipman
Canada,Alberta,Clive
Canada,Alberta,Clyde
Canada,Alberta,Consort
Canada,Alberta,Coutts
Canada,Alberta,Cowley
Canada,Alberta,Cremona
Canada,Alberta,"Crystal Springs"
Canada,Alberta,Czar
Canada,Alberta,Delburne
Canada,Alberta,Delia
Canada,Alberta,Derwent
Canada,Alberta,Dewberry
Canada,Alberta,Donalda
Canada,Alberta,Donnelly
Canada,Alberta,Duchess
Canada,Alberta,Edberg
Canada,Alberta,Edgerton
Canada,Alberta,Elnora
Canada,Alberta,Empress
Canada,Alberta,Ferintosh
Canada,Alberta,Foremost
Canada,Alberta,Forestburg
Canada,Alberta,Gadsby
Canada,Alberta,Galahad
Canada,Alberta,"Ghost Lake"
Canada,Alberta,Girouxville
Canada,Alberta,Glendon
Canada,Alberta,Glenwood
Canada,Alberta,"Golden Days"
Canada,Alberta,Grandview
Canada,Alberta,"Gull Lake"
Canada,Alberta,"Half Moon Bay"
Canada,Alberta,Halkirk
Canada,Alberta,"Hay Lakes"
Canada,Alberta,Heisler
Canada,Alberta,Hillspring
Canada,Alberta,"Hines Creek"
Canada,Alberta,Holden
Canada,Alberta,"Horseshoe Bay"
Canada,Alberta,Hughenden
Canada,Alberta,Hussar
Canada,Alberta,Hythe
Canada,Alberta,Innisfree
Canada,Alberta,Irma
Canada,Alberta,Irricana
Canada,Alberta,"Island Lake South"
Canada,Alberta,"Island Lake"
Canada,Alberta,"Itaska Beach"
Canada,Alberta,"Jarvis Bay"
Canada,Alberta,Kapasiwin
Canada,Alberta,Kinuso
Canada,Alberta,Kitscoty
Canada,Alberta,Lakeview
Canada,Alberta,Larkspur
Canada,Alberta,Linden
Canada,Alberta,Lomond
Canada,Alberta,Longview
Canada,Alberta,Lougheed
Canada,Alberta,"Ma-Me-O Beach"
Canada,Alberta,Mannville
Canada,Alberta,Marwayne
Canada,Alberta,"Mewatha Beach"
Canada,Alberta,Milo
Canada,Alberta,Minburn
Canada,Alberta,Mirror
Canada,Alberta,Morrin
Canada,Alberta,Munson
Canada,Alberta,Myrnam
Canada,Alberta,"Nakamun Park"
Canada,Alberta,Nampa
Canada,Alberta,"New Norway"
Canada,Alberta,"New Sarepta"
Canada,Alberta,Nobleford
Canada,Alberta,Norglenwold
Canada,Alberta,"Norris Beach"
Canada,Alberta,"Paradise Valley"
Canada,Alberta,"Parkland Beach"
Canada,Alberta,"Pelican Narrows"
Canada,Alberta,Plamondon
Canada,Alberta,"Point Alison"
Canada,Alberta,"Poplar Bay"
Canada,Alberta,"Rochon Sands"
Canada,Alberta,Rockyford
Canada,Alberta,Rosalind
Canada,Alberta,Rosemary
Canada,Alberta,"Ross Haven"
Canada,Alberta,Rycroft
Canada,Alberta,Ryley
Canada,Alberta,"Sandy Beach"
Canada,Alberta,Sangudo
Canada,Alberta,"Seba Beach"
Canada,Alberta,"Silver Beach"
Canada,Alberta,"Silver Sands"
Canada,Alberta,"South Baptiste"
Canada,Alberta,"South View"
Canada,Alberta,"Spring Lake"
Canada,Alberta,Standard
Canada,Alberta,Stirling
Canada,Alberta,Strome
Canada,Alberta,"Sunbreaker Cove"
Canada,Alberta,"Sundance Beach"
Canada,Alberta,"Sunrise Beach"
Canada,Alberta,"Sunset Beach"
Canada,Alberta,"Sunset Point"
Canada,Alberta,Thorhild
Canada,Alberta,Thorsby
Canada,Alberta,Tilley
Canada,Alberta,"Val Quentin"
Canada,Alberta,Veteran
Canada,Alberta,Vilna
Canada,Alberta,Wabamun
Canada,Alberta,Waiparous
Canada,Alberta,Warburg
Canada,Alberta,Warner
Canada,Alberta,Waskatenau
Canada,Alberta,"West Baptiste"
Canada,Alberta,"West Cove"
Canada,Alberta,"Whispering Hills"
Canada,Alberta,"White Gull"
Canada,Alberta,"White Sands"
Canada,Alberta,Willingdon
Canada,Alberta,Yellowstone
Canada,Alberta,Youngstown
Canada,"British Columbia","Alert Bay"
Canada,"British Columbia",Anmore
Canada,"British Columbia",Ashcroft
Canada,"British Columbia",Belcarra
Canada,"British Columbia","Burns Lake"
Canada,"British Columbia","Cache Creek"
Canada,"British Columbia","Canal Flats"
Canada,"British Columbia",Chase
Canada,"British Columbia",Clinton
Canada,"British Columbia",Cumberland
Canada,"British Columbia","Fraser Lake"
Canada,"British Columbia",Fruitvale
Canada,"British Columbia","Gold River"
Canada,"British Columbia",Granisle
Canada,"British Columbia","Harrison Hot Springs"
Canada,"British Columbia",Hazelton
Canada,"British Columbia",Kaslo
Canada,"British Columbia",Keremeos
Canada,"British Columbia","Lions Bay"
Canada,"British Columbia",Lumby
Canada,"British Columbia",Lytton
Canada,"British Columbia",Masset
Canada,"British Columbia",McBride
Canada,"British Columbia",Midway
Canada,"British Columbia",Montrose
Canada,"British Columbia",Nakusp
Canada,"British Columbia","New Denver"
Canada,"British Columbia",Pemberton
Canada,"British Columbia","Port Alice"
Canada,"British Columbia","Port Clements"
Canada,"British Columbia","Pouce Coupe"
Canada,"British Columbia","Queen Charlotte"
Canada,"British Columbia","Radium Hot Springs"
Canada,"British Columbia",Salmo
Canada,"British Columbia",Sayward
Canada,"British Columbia",Silverton
Canada,"British Columbia",Slocan
Canada,"British Columbia","Sun Peaks Mountain"
Canada,"British Columbia",Tahsis
Canada,"British Columbia",Telkwa
Canada,"British Columbia",Valemount
Canada,"British Columbia",Warfield
Canada,"British Columbia",Zeballos
Canada,Manitoba,Benito
Canada,Manitoba,Binscarth
Canada,Manitoba,Bowsman
Canada,Manitoba,Cartwright
Canada,Manitoba,"Crystal City"
Canada,Manitoba,Dunnottar
Canada,Manitoba,Elkhorn
Canada,Manitoba,Ethelbert
Canada,Manitoba,Garson
Canada,Manitoba,Glenboro
Canada,Manitoba,MacGregor
Canada,Manitoba,McCreary
Canada,Manitoba,"Notre Dame de Lourdes"
Canada,Manitoba,Riverton
Canada,Manitoba,Somerset
Canada,Manitoba,"St. Claude"
Canada,Manitoba,St-Lazare
Canada,Manitoba,St-Pierre-Jolys
Canada,Manitoba,Waskada
Canada,Manitoba,Wawanesa
Canada,Manitoba,Winnipegosis
Canada,"New Brunswick",Alma
Canada,"New Brunswick",Aroostook
Canada,"New Brunswick",Atholville
Canada,"New Brunswick","Baker Brook"
Canada,"New Brunswick",Balmoral
Canada,"New Brunswick",Bas-Caraquet
Canada,"New Brunswick",Bath
Canada,"New Brunswick",Belledune
Canada,"New Brunswick",Bertrand
Canada,"New Brunswick","Blacks Harbour"
Canada,"New Brunswick",Blackville
Canada,"New Brunswick",Bristol
Canada,"New Brunswick",Cambridge-Narrows
Canada,"New Brunswick",Canterbury
Canada,"New Brunswick",Cap-Pele
Canada,"New Brunswick",Centreville
Canada,"New Brunswick",Charlo
Canada,"New Brunswick",Chipman
Canada,"New Brunswick",Clair
Canada,"New Brunswick",Doaktown
Canada,"New Brunswick",Dorchester
Canada,"New Brunswick",Drummond
Canada,"New Brunswick","Eel River Crossing"
Canada,"New Brunswick",Florenceville
Canada,"New Brunswick","Fredericton Junction"
Canada,"New Brunswick",Gagetown
Canada,"New Brunswick","Grand Manan"
Canada,"New Brunswick",Grande-Anse
Canada,"New Brunswick",Harvey
Canada,"New Brunswick",Hillsborough
Canada,"New Brunswick",Kedgwick
Canada,"New Brunswick","Lac Baker"
Canada,"New Brunswick","Le Goulet"
Canada,"New Brunswick",Maisonnette
Canada,"New Brunswick",McAdam
Canada,"New Brunswick",Meductic
Canada,"New Brunswick",Memramcook
Canada,"New Brunswick",Millville
Canada,"New Brunswick",Minto
Canada,"New Brunswick",Neguac
Canada,"New Brunswick","New Maryland"
Canada,"New Brunswick",Nigadoo
Canada,"New Brunswick",Norton
Canada,"New Brunswick",Paquetville
Canada,"New Brunswick",Perth-Andover
Canada,"New Brunswick","Petit Rocher"
Canada,"New Brunswick",Petitcodiac
Canada,"New Brunswick","Plaster Rock"
Canada,"New Brunswick",Pointe-Verte
Canada,"New Brunswick","Port Elgin"
Canada,"New Brunswick",Rexton
Canada,"New Brunswick",Riverside-Albert
Canada,"New Brunswick",Rivière-Verte
Canada,"New Brunswick",Rogersville
Canada,"New Brunswick",Saint-Antoine
Canada,"New Brunswick","Saint-François de Madawaska"
Canada,"New Brunswick",Saint-Isidore
Canada,"New Brunswick",Saint-Léolin
Canada,"New Brunswick","Saint-Louis de Kent"
Canada,"New Brunswick",Sainte-Anne-de-Madawaska
Canada,"New Brunswick","Sainte-Marie - Saint-Raphaël"
Canada,"New Brunswick",Salisbury
Canada,"New Brunswick","St. André"
Canada,"New Brunswick","St. Hilaire"
Canada,"New Brunswick","St. Martins"
Canada,"New Brunswick",Stanley
Canada,"New Brunswick","Sussex Corner"
Canada,"New Brunswick","Tide Head"
Canada,"New Brunswick",Tracy
Canada,Ontario,"Burk's Falls"
Canada,Ontario,Casselman
Canada,Ontario,"Hilton Beach"
Canada,Ontario,Merrickville-Wolford
Canada,Ontario,Newbury
Canada,Ontario,"Oil Springs"
Canada,Ontario,"Point Edward"
Canada,Ontario,"South River"
Canada,Ontario,Sundridge
Canada,Ontario,Thornloe
Canada,Ontario,Westport
Canada,Saskatchewan,Abbey
Canada,Saskatchewan,Abernethy
Canada,Saskatchewan,Admiral
Canada,Saskatchewan,Albertville
Canada,Saskatchewan,"Alice Beach"
Canada,Saskatchewan,Alida
Canada,Saskatchewan,Alsask
Canada,Saskatchewan,Alvena
Canada,Saskatchewan,Aneroid
Canada,Saskatchewan,Annaheim
Canada,Saskatchewan,Antler
Canada,Saskatchewan,Aquadeo
Canada,Saskatchewan,Archerwill
Canada,Saskatchewan,Arelee
Canada,Saskatchewan,Arran
Canada,Saskatchewan,Atwater
Canada,Saskatchewan,Avonlea
Canada,Saskatchewan,Aylesbury
Canada,Saskatchewan,Aylsham
Canada,Saskatchewan,B-Say-Tah
Canada,Saskatchewan,Bangor
Canada,Saskatchewan,Beatty
Canada,Saskatchewan,"Beaver Flat"
Canada,Saskatchewan,Beechy
Canada,Saskatchewan,"Belle Plaine"
Canada,Saskatchewan,Benson
Canada,Saskatchewan,Bethune
Canada,Saskatchewan,"Big Shell"
Canada,Saskatchewan,"Bird's Point"
Canada,Saskatchewan,Birsay
Canada,Saskatchewan,Bjorkdale
Canada,Saskatchewan,Bladworth
Canada,Saskatchewan,Borden
Canada,Saskatchewan,Bracken
Canada,Saskatchewan,Bradwell
Canada,Saskatchewan,Briercrest
Canada,Saskatchewan,Brock
Canada,Saskatchewan,Broderick
Canada,Saskatchewan,Brownlee
Canada,Saskatchewan,Buchanan
Canada,Saskatchewan,"Buena Vista"
Canada,Saskatchewan,Bulyea
Canada,Saskatchewan,Cadillac
Canada,Saskatchewan,Calder
Canada,Saskatchewan,"Candle Lake"
Canada,Saskatchewan,Cando
Canada,Saskatchewan,Canwood
Canada,Saskatchewan,Carievale
Canada,Saskatchewan,Carmichael
Canada,Saskatchewan,Caronport
Canada,Saskatchewan,Ceylon
Canada,Saskatchewan,Chamberlain
Canada,Saskatchewan,Chaplin
Canada,Saskatchewan,"Chitek Lake"
Canada,Saskatchewan,"Chorney Beach"
Canada,Saskatchewan,"Christopher Lake"
Canada,Saskatchewan,Clavet
Canada,Saskatchewan,Climax
Canada,Saskatchewan,Cochin
Canada,Saskatchewan,Coderre
Canada,Saskatchewan,Codette
Canada,Saskatchewan,Coleville
Canada,Saskatchewan,Conquest
Canada,Saskatchewan,Consul
Canada,Saskatchewan,"Coteau Beach"
Canada,Saskatchewan,Craven
Canada,Saskatchewan,Creelman
Canada,Saskatchewan,Dafoe
Canada,Saskatchewan,Debden
Canada,Saskatchewan,Denholm
Canada,Saskatchewan,Denzil
Canada,Saskatchewan,Dilke
Canada,Saskatchewan,Dinsmore
Canada,Saskatchewan,Disley
Canada,Saskatchewan,Dodsland
Canada,Saskatchewan,Dollard
Canada,Saskatchewan,Domremy
Canada,Saskatchewan,Dorintosh
Canada,Saskatchewan,Drake
Canada,Saskatchewan,Drinkwater
Canada,Saskatchewan,Dubuc
Canada,Saskatchewan,Duff
Canada,Saskatchewan,Duval
Canada,Saskatchewan,Dysart
Canada,Saskatchewan,"Earl Grey"
Canada,Saskatchewan,Ebenezer
Canada,Saskatchewan,"Echo Bay"
Canada,Saskatchewan,Edam
Canada,Saskatchewan,Edenwold
Canada,Saskatchewan,Elbow
Canada,Saskatchewan,Elfros
Canada,Saskatchewan,Elstow
Canada,Saskatchewan,Endeavour
Canada,Saskatchewan,Englefeld
Canada,Saskatchewan,Ernfold
Canada,Saskatchewan,"Etters Beach"
Canada,Saskatchewan,Eyebrow
Canada,Saskatchewan,Fairlight
Canada,Saskatchewan,Fenwood
Canada,Saskatchewan,"Fife Lake"
Canada,Saskatchewan,Fillmore
Canada,Saskatchewan,Findlater
Canada,Saskatchewan,Flaxcombe
Canada,Saskatchewan,Forget
Canada,Saskatchewan,"Fort San"
Canada,Saskatchewan,Fosston
Canada,Saskatchewan,"Fox Valley"
Canada,Saskatchewan,Frobisher
Canada,Saskatchewan,Frontier
Canada,Saskatchewan,Gainsborough
Canada,Saskatchewan,Gerald
Canada,Saskatchewan,Girvin
Canada,Saskatchewan,Gladmar
Canada,Saskatchewan,Glaslyn
Canada,Saskatchewan,"Glen Ewen"
Canada,Saskatchewan,"Glen Harbour"
Canada,Saskatchewan,Glenavon
Canada,Saskatchewan,Glenside
Canada,Saskatchewan,"Golden Prairie"
Canada,Saskatchewan,Goodeve
Canada,Saskatchewan,Goodsoil
Canada,Saskatchewan,Goodwater
Canada,Saskatchewan,"Grand Coulee"
Canada,Saskatchewan,"Grandview Beach"
Canada,Saskatchewan,Grayson
Canada,Saskatchewan,"Greig Lake"
Canada,Saskatchewan,Guernsey
Canada,Saskatchewan,Halbrite
Canada,Saskatchewan,Handel
Canada,Saskatchewan,Harris
Canada,Saskatchewan,Hawarden
Canada,Saskatchewan,Hazenmore
Canada,Saskatchewan,Hazlet
Canada,Saskatchewan,Hepburn
Canada,Saskatchewan,Herschel
Canada,Saskatchewan,Heward
Canada,Saskatchewan,Hodgeville
Canada,Saskatchewan,Holdfast
Canada,Saskatchewan,Hubbard
Canada,Saskatchewan,Hyas
Canada,Saskatchewan,Insinger
Canada,Saskatchewan,Invermay
Canada,Saskatchewan,"Island View"
Canada,Saskatchewan,Jansen
Canada,Saskatchewan,"Kannata Valley"
Canada,Saskatchewan,"Katepwa Beach"
Canada,Saskatchewan,"Katepwa South"
Canada,Saskatchewan,Katepwa
Canada,Saskatchewan,Keeler
Canada,Saskatchewan,Kelliher
Canada,Saskatchewan,Kenaston
Canada,Saskatchewan,Kendal
Canada,Saskatchewan,Kennedy
Canada,Saskatchewan,"Kenosee Lake"
Canada,Saskatchewan,Khedive
Canada,Saskatchewan,Killaly
Canada,Saskatchewan,Kincaid
Canada,Saskatchewan,Kinley
Canada,Saskatchewan,Kisbey
Canada,Saskatchewan,"Kivimaa-Moonlight Bay"
Canada,Saskatchewan,Krydor
Canada,Saskatchewan,Laird
Canada,Saskatchewan,"Lake Alma"
Canada,Saskatchewan,"Lake Lenore"
Canada,Saskatchewan,Lancer
Canada,Saskatchewan,Landis
Canada,Saskatchewan,Lang
Canada,Saskatchewan,Leask
Canada,Saskatchewan,Lebret
Canada,Saskatchewan,Leoville
Canada,Saskatchewan,Leross
Canada,Saskatchewan,"Leslie Beach"
Canada,Saskatchewan,Leslie
Canada,Saskatchewan,Lestock
Canada,Saskatchewan,Liberty
Canada,Saskatchewan,Limerick
Canada,Saskatchewan,Lintlaw
Canada,Saskatchewan,Lipton
Canada,Saskatchewan,Lockwood
Canada,Saskatchewan,"Loon Lake"
Canada,Saskatchewan,Loreburn
Canada,Saskatchewan,Love
Canada,Saskatchewan,Loverna
Canada,Saskatchewan,"Lucky Lake"
Canada,Saskatchewan,"Lumsden Beach"
Canada,Saskatchewan,MacNutt
Canada,Saskatchewan,Macoun
Canada,Saskatchewan,Macrorie
Canada,Saskatchewan,Major
Canada,Saskatchewan,Makwa
Canada,Saskatchewan,"Manitou Beach"
Canada,Saskatchewan,Mankota
Canada,Saskatchewan,Manor
Canada,Saskatchewan,Mantario
Canada,Saskatchewan,Marcelin
Canada,Saskatchewan,Marengo
Canada,Saskatchewan,Margo
Canada,Saskatchewan,Markinch
Canada,Saskatchewan,Marquis
Canada,Saskatchewan,Marsden
Canada,Saskatchewan,Marshall
Canada,Saskatchewan,Maryfield
Canada,Saskatchewan,Maymont
Canada,Saskatchewan,Mazenod
Canada,Saskatchewan,McLean
Canada,Saskatchewan,McTaggart
Canada,Saskatchewan,Meacham
Canada,Saskatchewan,"Meath Park"
Canada,Saskatchewan,Medstead
Canada,Saskatchewan,"Melville Beach"
Canada,Saskatchewan,Mendham
Canada,Saskatchewan,Meota
Canada,Saskatchewan,Mervin
Canada,Saskatchewan,Metinota
Canada,Saskatchewan,Meyronne
Canada,Saskatchewan,"Middle Lake"
Canada,Saskatchewan,Milden
Canada,Saskatchewan,Minton
Canada,Saskatchewan,Mistatim
Canada,Saskatchewan,Mistusinne
Canada,Saskatchewan,Montmartre
Canada,Saskatchewan,Mortlach
Canada,Saskatchewan,Muenster
Canada,Saskatchewan,Neilburg
Canada,Saskatchewan,Netherhill
Canada,Saskatchewan,Neudorf
Canada,Saskatchewan,Neville
Canada,Saskatchewan,"North Grove"
Canada,Saskatchewan,"North Portal"
Canada,Saskatchewan,Odessa
Canada,Saskatchewan,Osage
Canada,Saskatchewan,Paddockwood
Canada,Saskatchewan,Palmer
Canada,Saskatchewan,Pangman
Canada,Saskatchewan,"Paradise Hill"
Canada,Saskatchewan,Parkside
Canada,Saskatchewan,Paynton
Canada,Saskatchewan,"Pebble Baye"
Canada,Saskatchewan,"Pelican Pointe"
Canada,Saskatchewan,Pelly
Canada,Saskatchewan,Pennant
Canada,Saskatchewan,Pense
Canada,Saskatchewan,Penzance
Canada,Saskatchewan,Perdue
Canada,Saskatchewan,Piapot
Canada,Saskatchewan,Pierceland
Canada,Saskatchewan,Pilger
Canada,Saskatchewan,Pleasantdale
Canada,Saskatchewan,Plenty
Canada,Saskatchewan,Plunkett
Canada,Saskatchewan,Prelate
Canada,Saskatchewan,Primate
Canada,Saskatchewan,Prud'Homme
Canada,Saskatchewan,Punnichy
Canada,Saskatchewan,"Quill Lake"
Canada,Saskatchewan,Quinton
Canada,Saskatchewan,"Rabbit Lake"
Canada,Saskatchewan,Rama
Canada,Saskatchewan,Rhein
Canada,Saskatchewan,Richard
Canada,Saskatchewan,Richmound
Canada,Saskatchewan,Ridgedale
Canada,Saskatchewan,Riverhurst
Canada,Saskatchewan,Robsart
Canada,Saskatchewan,"Roche Percee"
Canada,Saskatchewan,Rockhaven
Canada,Saskatchewan,Ruddell
Canada,Saskatchewan,"Rush Lake"
Canada,Saskatchewan,Ruthilda
Canada,Saskatchewan,"Sandy Beach"
Canada,Saskatchewan,"Saskatchewan Beach"
Canada,Saskatchewan,Sceptre
Canada,Saskatchewan,Sedley
Canada,Saskatchewan,Semans
Canada,Saskatchewan,Senlac
Canada,Saskatchewan,Shackleton
Canada,Saskatchewan,Shamrock
Canada,Saskatchewan,Sheho
Canada,Saskatchewan,"Shell Lake"
Canada,Saskatchewan,Shields
Canada,Saskatchewan,Silton
Canada,Saskatchewan,Simpson
Canada,Saskatchewan,Smeaton
Canada,Saskatchewan,Smiley
Canada,Saskatchewan,"South Lake"
Canada,Saskatchewan,Sovereign
Canada,Saskatchewan,Spalding
Canada,Saskatchewan,Speers
Canada,Saskatchewan,Springwater
Canada,Saskatchewan,"Spruce Lake"
Canada,Saskatchewan,"Spy Hill"
Canada,Saskatchewan,"St. Benedict"
Canada,Saskatchewan,"St. Brieux"
Canada,Saskatchewan,"St. Gregor"
Canada,Saskatchewan,"St. Louis"
Canada,Saskatchewan,"St. Victor"
Canada,Saskatchewan,Stenen
Canada,Saskatchewan,"Stewart Valley"
Canada,Saskatchewan,Stockholm
Canada,Saskatchewan,Stornoway
Canada,Saskatchewan,Storthoaks
Canada,Saskatchewan,Strongfield
Canada,Saskatchewan,Success
Canada,Saskatchewan,"Sun Valley"
Canada,Saskatchewan,"Sunset Cove"
Canada,Saskatchewan,"Sunset View Beach"
Canada,Saskatchewan,Tantallon
Canada,Saskatchewan,Tessier
Canada,Saskatchewan,Theodore
Canada,Saskatchewan,Thode
Canada,Saskatchewan,"Tobin Lake"
Canada,Saskatchewan,Togo
Canada,Saskatchewan,Tompkins
Canada,Saskatchewan,Torquay
Canada,Saskatchewan,"Tramping Lake"
Canada,Saskatchewan,Tribune
Canada,Saskatchewan,Tugaske
Canada,Saskatchewan,Tuxford
Canada,Saskatchewan,"Val Marie"
Canada,Saskatchewan,Valparaiso
Canada,Saskatchewan,Vanguard
Canada,Saskatchewan,Vanscoy
Canada,Saskatchewan,Vawn
Canada,Saskatchewan,Veregin
Canada,Saskatchewan,Vibank
Canada,Saskatchewan,Viceroy
Canada,Saskatchewan,Viscount
Canada,Saskatchewan,"Wakaw Lake"
Canada,Saskatchewan,Waldeck
Canada,Saskatchewan,Waldron
Canada,Saskatchewan,Waseca
Canada,Saskatchewan,Webb
Canada,Saskatchewan,"Wee Too Beach"
Canada,Saskatchewan,Weekes
Canada,Saskatchewan,Weirdale
Canada,Saskatchewan,Weldon
Canada,Saskatchewan,Welwyn
Canada,Saskatchewan,"West End"
Canada,Saskatchewan,"White Fox"
Canada,Saskatchewan,Wilcox
Canada,Saskatchewan,Willowbrook
Canada,Saskatchewan,Windthorst
Canada,Saskatchewan,Wiseton
Canada,Saskatchewan,Wishart
Canada,Saskatchewan,"Wood Mountain"
Canada,Saskatchewan,Woodrow
Canada,Saskatchewan,Yarbo
Canada,Saskatchewan,"Yellow Creek"
Canada,Saskatchewan,Young
Canada,Saskatchewan,Zelma
Canada,Saskatchewan,"Zenon Park"
Canada,"Northwest Territories",Aklavik
Canada,"Northwest Territories","Colville Lake"
Canada,"Northwest Territories",Detah
Canada,"Northwest Territories",Enterprise
Canada,"Northwest Territories","Fort Liard"
Canada,"Northwest Territories","Fort McPherson"
Canada,"Northwest Territories","Fort Providence"
Canada,"Northwest Territories","Fort Resolution"
Canada,"Northwest Territories","Fort Simpson"
Canada,"Northwest Territories",Holman
Canada,"Northwest Territories","Jean Marie River"
Canada,"Northwest Territories",Kakisa
Canada,"Northwest Territories",Lutselk'e
Canada,"Northwest Territories","Nahanni Butte"
Canada,"Northwest Territories",Paulatuk
Canada,"Northwest Territories",Reliance
Canada,"Northwest Territories","Sachs Harbour"
Canada,"Northwest Territories","Trout Lake"
Canada,"Northwest Territories",Tuktoyaktuk
Canada,"Northwest Territories",Tulita
Canada,"Northwest Territories",Ulukhaktok
Canada,"Northwest Territories",Wrigley
Canada,"Yukon Territory","Beaver Creek"
Canada,"Yukon Territory","Burwash Landing"
Canada,"Yukon Territory",Carcross
Canada,"Yukon Territory",Carmacks
Canada,"Yukon Territory","Destruction Bay"
Canada,"Yukon Territory","Haines Junction"
Canada,"Yukon Territory","Ibex Valley"
Canada,"Yukon Territory","Johnsons Crossing"
Canada,"Yukon Territory","Keno Hill"
Canada,"Yukon Territory",Mayo
Canada,"Yukon Territory","Mt. Lorne"
Canada,"Yukon Territory","Old Crow"
Canada,"Yukon Territory","Pelly Crossing"
Canada,"Yukon Territory","Ross River"
Canada,"Yukon Territory","Stewart Crossing"
Canada,"Yukon Territory","Swift River"
Canada,"Yukon Territory",Tagish
Canada,"Yukon Territory",Teslin
Canada,"Yukon Territory","Upper Liard"
